[debug] [2025-08-12T17:15:38.524Z] [Firebase Plugin] Activating Firebase extension.
[info] [Firebase Plugin] Checked firebase-tools, is up to date!
[debug] [2025-08-12T17:15:41.408Z] [Firebase Plugin] requireAuthWrapper
[debug] [2025-08-12T17:15:41.410Z] > command requires scopes: ["email","openid","https://www.googleapis.com/auth/cloudplatformprojects.readonly","https://www.googleapis.com/auth/firebase","https://www.googleapis.com/auth/cloud-platform"]
[debug] [2025-08-12T17:15:41.422Z] [Firebase Plugin] VSCode notification server listening on port 40001
[error] [Firebase Plugin] requireAuth error: Could not load the default credentials. Browse to https://cloud.google.com/docs/authentication/getting-started for more information.
[info] [Firebase Plugin] Starting Data Connect toolkit (version 2.10.1) on port 50002
[debug] [2025-08-12T17:15:58.952Z] 'fdc build' failed with error: Unable to build your Data Connect schema and connectors (exit code 1): E0812 17:15:58.950496   17603 cmd.go:43] Error loading data connect config: could not find dataconnect.yaml in `/workspaces/adk-java/dataconnect`
 {"metadata":{"emulator":{"name":"dataconnect"},"message":"'fdc build' failed with error: Unable to build your Data Connect schema and connectors (exit code 1): E0812 17:15:58.950496   17603 cmd.go:43] Error loading data connect config: could not find dataconnect.yaml in `/workspaces/adk-java/dataconnect`\n"}}
[debug] [2025-08-12T17:15:58.954Z] Ignoring unsupported arg: auto_download {"metadata":{"emulator":{"name":"dataconnect"},"message":"Ignoring unsupported arg: auto_download"}}
[debug] [2025-08-12T17:15:58.954Z] Ignoring unsupported arg: port {"metadata":{"emulator":{"name":"dataconnect"},"message":"Ignoring unsupported arg: port"}}
[debug] [2025-08-12T17:15:58.954Z] Starting Data Connect Emulator with command {"binary":"/home/codespace/.cache/firebase/emulators/dataconnect-emulator-2.10.1","args":["--logtostderr","-v=2","dev","--listen=localhost:50002","--config_dir=/workspaces/adk-java/dataconnect","--enable_output_schema_extensions=true","--enable_output_generated_sdk=true"],"optionalArgs":["listen","config_dir","enable_output_schema_extensions","enable_output_generated_sdk"],"joinArgs":true,"shell":false,"port":9399} {"metadata":{"emulator":{"name":"dataconnect"},"message":"Starting Data Connect Emulator with command {\"binary\":\"/home/codespace/.cache/firebase/emulators/dataconnect-emulator-2.10.1\",\"args\":[\"--logtostderr\",\"-v=2\",\"dev\",\"--listen=localhost:50002\",\"--config_dir=/workspaces/adk-java/dataconnect\",\"--enable_output_schema_extensions=true\",\"--enable_output_generated_sdk=true\"],\"optionalArgs\":[\"listen\",\"config_dir\",\"enable_output_schema_extensions\",\"enable_output_generated_sdk\"],\"joinArgs\":true,\"shell\":false,\"port\":9399}"}}
[info] i  dataconnect: Data Connect Emulator logging to dataconnect-debug.log {"metadata":{"emulator":{"name":"dataconnect"},"message":"Data Connect Emulator logging to dataconnect-debug.log"}}
[debug] [2025-08-12T17:15:58.985Z] E0812 17:15:58.985566   17611 load.go:23] Could not load config from "/workspaces/adk-java/dataconnect": could not find dataconnect.yaml in `/workspaces/adk-java/dataconnect`
 {"metadata":{"emulator":{"name":"dataconnect"},"message":"E0812 17:15:58.985566   17611 load.go:23] Could not load config from \"/workspaces/adk-java/dataconnect\": could not find dataconnect.yaml in `/workspaces/adk-java/dataconnect`\n"}}
[debug] [2025-08-12T17:15:58.987Z] E0812 17:15:58.985815   17611 watch.go:76] watchAllDir unable to walk dir `/workspaces/adk-java/dataconnect`: on path "/workspaces/adk-java/dataconnect" (DirEntry: <nil>): lstat /workspaces/adk-java/dataconnect: no such file or directory
I0812 17:15:58.986080   17611 dev.go:95] Listening on address (HTTP + gRPC): 127.0.0.1:50002
 {"metadata":{"emulator":{"name":"dataconnect"},"message":"E0812 17:15:58.985815   17611 watch.go:76] watchAllDir unable to walk dir `/workspaces/adk-java/dataconnect`: on path \"/workspaces/adk-java/dataconnect\" (DirEntry: <nil>): lstat /workspaces/adk-java/dataconnect: no such file or directory\nI0812 17:15:58.986080   17611 dev.go:95] Listening on address (HTTP + gRPC): 127.0.0.1:50002\n"}}
[error] [Firebase Plugin] error:  {}
[debug] [2025-08-12T17:16:08.986Z] E0812 17:16:08.986218   17611 load.go:23] Could not load config from "/workspaces/adk-java/dataconnect": could not find dataconnect.yaml in `/workspaces/adk-java/dataconnect`
 {"metadata":{"emulator":{"name":"dataconnect"},"message":"E0812 17:16:08.986218   17611 load.go:23] Could not load config from \"/workspaces/adk-java/dataconnect\": could not find dataconnect.yaml in `/workspaces/adk-java/dataconnect`\n"}}
[debug] [2025-08-12T17:16:18.991Z] E0812 17:16:18.991232   17611 load.go:23] Could not load config from "/workspaces/adk-java/dataconnect": could not find dataconnect.yaml in `/workspaces/adk-java/dataconnect`
 {"metadata":{"emulator":{"name":"dataconnect"},"message":"E0812 17:16:18.991232   17611 load.go:23] Could not load config from \"/workspaces/adk-java/dataconnect\": could not find dataconnect.yaml in `/workspaces/adk-java/dataconnect`\n"}}
[debug] [2025-08-12T17:16:28.986Z] E0812 17:16:28.986384   17611 load.go:23] Could not load config from "/workspaces/adk-java/dataconnect": could not find dataconnect.yaml in `/workspaces/adk-java/dataconnect`
 {"metadata":{"emulator":{"name":"dataconnect"},"message":"E0812 17:16:28.986384   17611 load.go:23] Could not load config from \"/workspaces/adk-java/dataconnect\": could not find dataconnect.yaml in `/workspaces/adk-java/dataconnect`\n"}}
[debug] [2025-08-12T17:16:38.995Z] E0812 17:16:38.995562   17611 load.go:23] Could not load config from "/workspaces/adk-java/dataconnect": could not find dataconnect.yaml in `/workspaces/adk-java/dataconnect`
 {"metadata":{"emulator":{"name":"dataconnect"},"message":"E0812 17:16:38.995562   17611 load.go:23] Could not load config from \"/workspaces/adk-java/dataconnect\": could not find dataconnect.yaml in `/workspaces/adk-java/dataconnect`\n"}}
[debug] [2025-08-12T17:16:48.995Z] E0812 17:16:48.995644   17611 load.go:23] Could not load config from "/workspaces/adk-java/dataconnect": could not find dataconnect.yaml in `/workspaces/adk-java/dataconnect`
 {"metadata":{"emulator":{"name":"dataconnect"},"message":"E0812 17:16:48.995644   17611 load.go:23] Could not load config from \"/workspaces/adk-java/dataconnect\": could not find dataconnect.yaml in `/workspaces/adk-java/dataconnect`\n"}}
[debug] [2025-08-12T17:16:58.987Z] E0812 17:16:58.986902   17611 load.go:23] Could not load config from "/workspaces/adk-java/dataconnect": could not find dataconnect.yaml in `/workspaces/adk-java/dataconnect`
 {"metadata":{"emulator":{"name":"dataconnect"},"message":"E0812 17:16:58.986902   17611 load.go:23] Could not load config from \"/workspaces/adk-java/dataconnect\": could not find dataconnect.yaml in `/workspaces/adk-java/dataconnect`\n"}}
[debug] [2025-08-12T17:17:08.995Z] E0812 17:17:08.995078   17611 load.go:23] Could not load config from "/workspaces/adk-java/dataconnect": could not find dataconnect.yaml in `/workspaces/adk-java/dataconnect`
 {"metadata":{"emulator":{"name":"dataconnect"},"message":"E0812 17:17:08.995078   17611 load.go:23] Could not load config from \"/workspaces/adk-java/dataconnect\": could not find dataconnect.yaml in `/workspaces/adk-java/dataconnect`\n"}}
[debug] [2025-08-12T17:17:18.994Z] E0812 17:17:18.994191   17611 load.go:23] Could not load config from "/workspaces/adk-java/dataconnect": could not find dataconnect.yaml in `/workspaces/adk-java/dataconnect`
 {"metadata":{"emulator":{"name":"dataconnect"},"message":"E0812 17:17:18.994191   17611 load.go:23] Could not load config from \"/workspaces/adk-java/dataconnect\": could not find dataconnect.yaml in `/workspaces/adk-java/dataconnect`\n"}}
[debug] [2025-08-12T17:17:28.986Z] E0812 17:17:28.986315   17611 load.go:23] Could not load config from "/workspaces/adk-java/dataconnect": could not find dataconnect.yaml in `/workspaces/adk-java/dataconnect`
 {"metadata":{"emulator":{"name":"dataconnect"},"message":"E0812 17:17:28.986315   17611 load.go:23] Could not load config from \"/workspaces/adk-java/dataconnect\": could not find dataconnect.yaml in `/workspaces/adk-java/dataconnect`\n"}}
[debug] [2025-08-12T17:17:38.995Z] E0812 17:17:38.995400   17611 load.go:23] Could not load config from "/workspaces/adk-java/dataconnect": could not find dataconnect.yaml in `/workspaces/adk-java/dataconnect`
 {"metadata":{"emulator":{"name":"dataconnect"},"message":"E0812 17:17:38.995400   17611 load.go:23] Could not load config from \"/workspaces/adk-java/dataconnect\": could not find dataconnect.yaml in `/workspaces/adk-java/dataconnect`\n"}}
[debug] [2025-08-12T17:17:48.995Z] E0812 17:17:48.995483   17611 load.go:23] Could not load config from "/workspaces/adk-java/dataconnect": could not find dataconnect.yaml in `/workspaces/adk-java/dataconnect`
 {"metadata":{"emulator":{"name":"dataconnect"},"message":"E0812 17:17:48.995483   17611 load.go:23] Could not load config from \"/workspaces/adk-java/dataconnect\": could not find dataconnect.yaml in `/workspaces/adk-java/dataconnect`\n"}}
[debug] [2025-08-12T17:17:58.986Z] E0812 17:17:58.986450   17611 load.go:23] Could not load config from "/workspaces/adk-java/dataconnect": could not find dataconnect.yaml in `/workspaces/adk-java/dataconnect`
E0812 17:17:58.986489   17611 watch.go:76] watchAllDir unable to walk dir `/workspaces/adk-java/dataconnect`: on path "/workspaces/adk-java/dataconnect" (DirEntry: <nil>): lstat /workspaces/adk-java/dataconnect: no such file or directory
 {"metadata":{"emulator":{"name":"dataconnect"},"message":"E0812 17:17:58.986450   17611 load.go:23] Could not load config from \"/workspaces/adk-java/dataconnect\": could not find dataconnect.yaml in `/workspaces/adk-java/dataconnect`\nE0812 17:17:58.986489   17611 watch.go:76] watchAllDir unable to walk dir `/workspaces/adk-java/dataconnect`: on path \"/workspaces/adk-java/dataconnect\" (DirEntry: <nil>): lstat /workspaces/adk-java/dataconnect: no such file or directory\n"}}
[debug] [2025-08-12T17:18:08.986Z] E0812 17:18:08.986305   17611 load.go:23] Could not load config from "/workspaces/adk-java/dataconnect": could not find dataconnect.yaml in `/workspaces/adk-java/dataconnect`
 {"metadata":{"emulator":{"name":"dataconnect"},"message":"E0812 17:18:08.986305   17611 load.go:23] Could not load config from \"/workspaces/adk-java/dataconnect\": could not find dataconnect.yaml in `/workspaces/adk-java/dataconnect`\n"}}
[debug] [2025-08-12T17:18:18.986Z] E0812 17:18:18.986077   17611 load.go:23] Could not load config from "/workspaces/adk-java/dataconnect": could not find dataconnect.yaml in `/workspaces/adk-java/dataconnect`
 {"metadata":{"emulator":{"name":"dataconnect"},"message":"E0812 17:18:18.986077   17611 load.go:23] Could not load config from \"/workspaces/adk-java/dataconnect\": could not find dataconnect.yaml in `/workspaces/adk-java/dataconnect`\n"}}
[debug] [2025-08-12T17:18:28.986Z] E0812 17:18:28.986378   17611 load.go:23] Could not load config from "/workspaces/adk-java/dataconnect": could not find dataconnect.yaml in `/workspaces/adk-java/dataconnect`
 {"metadata":{"emulator":{"name":"dataconnect"},"message":"E0812 17:18:28.986378   17611 load.go:23] Could not load config from \"/workspaces/adk-java/dataconnect\": could not find dataconnect.yaml in `/workspaces/adk-java/dataconnect`\n"}}
[debug] [2025-08-12T17:18:38.995Z] E0812 17:18:38.995183   17611 load.go:23] Could not load config from "/workspaces/adk-java/dataconnect": could not find dataconnect.yaml in `/workspaces/adk-java/dataconnect`
 {"metadata":{"emulator":{"name":"dataconnect"},"message":"E0812 17:18:38.995183   17611 load.go:23] Could not load config from \"/workspaces/adk-java/dataconnect\": could not find dataconnect.yaml in `/workspaces/adk-java/dataconnect`\n"}}
[debug] [2025-08-12T17:18:48.999Z] E0812 17:18:48.991236   17611 load.go:23] Could not load config from "/workspaces/adk-java/dataconnect": could not find dataconnect.yaml in `/workspaces/adk-java/dataconnect`
 {"metadata":{"emulator":{"name":"dataconnect"},"message":"E0812 17:18:48.991236   17611 load.go:23] Could not load config from \"/workspaces/adk-java/dataconnect\": could not find dataconnect.yaml in `/workspaces/adk-java/dataconnect`\n"}}
[debug] [2025-08-12T17:18:58.986Z] E0812 17:18:58.986342   17611 load.go:23] Could not load config from "/workspaces/adk-java/dataconnect": could not find dataconnect.yaml in `/workspaces/adk-java/dataconnect`
 {"metadata":{"emulator":{"name":"dataconnect"},"message":"E0812 17:18:58.986342   17611 load.go:23] Could not load config from \"/workspaces/adk-java/dataconnect\": could not find dataconnect.yaml in `/workspaces/adk-java/dataconnect`\n"}}
[debug] [2025-08-12T17:19:08.993Z] E0812 17:19:08.993456   17611 load.go:23] Could not load config from "/workspaces/adk-java/dataconnect": could not find dataconnect.yaml in `/workspaces/adk-java/dataconnect`
 {"metadata":{"emulator":{"name":"dataconnect"},"message":"E0812 17:19:08.993456   17611 load.go:23] Could not load config from \"/workspaces/adk-java/dataconnect\": could not find dataconnect.yaml in `/workspaces/adk-java/dataconnect`\n"}}
[debug] [2025-08-12T17:19:18.993Z] E0812 17:19:18.993078   17611 load.go:23] Could not load config from "/workspaces/adk-java/dataconnect": could not find dataconnect.yaml in `/workspaces/adk-java/dataconnect`
 {"metadata":{"emulator":{"name":"dataconnect"},"message":"E0812 17:19:18.993078   17611 load.go:23] Could not load config from \"/workspaces/adk-java/dataconnect\": could not find dataconnect.yaml in `/workspaces/adk-java/dataconnect`\n"}}
[debug] [2025-08-12T17:19:28.986Z] E0812 17:19:28.986415   17611 load.go:23] Could not load config from "/workspaces/adk-java/dataconnect": could not find dataconnect.yaml in `/workspaces/adk-java/dataconnect`
 {"metadata":{"emulator":{"name":"dataconnect"},"message":"E0812 17:19:28.986415   17611 load.go:23] Could not load config from \"/workspaces/adk-java/dataconnect\": could not find dataconnect.yaml in `/workspaces/adk-java/dataconnect`\n"}}
[debug] [2025-08-12T17:19:38.995Z] E0812 17:19:38.995189   17611 load.go:23] Could not load config from "/workspaces/adk-java/dataconnect": could not find dataconnect.yaml in `/workspaces/adk-java/dataconnect`
 {"metadata":{"emulator":{"name":"dataconnect"},"message":"E0812 17:19:38.995189   17611 load.go:23] Could not load config from \"/workspaces/adk-java/dataconnect\": could not find dataconnect.yaml in `/workspaces/adk-java/dataconnect`\n"}}
[debug] [2025-08-12T17:19:48.995Z] E0812 17:19:48.995241   17611 load.go:23] Could not load config from "/workspaces/adk-java/dataconnect": could not find dataconnect.yaml in `/workspaces/adk-java/dataconnect`
 {"metadata":{"emulator":{"name":"dataconnect"},"message":"E0812 17:19:48.995241   17611 load.go:23] Could not load config from \"/workspaces/adk-java/dataconnect\": could not find dataconnect.yaml in `/workspaces/adk-java/dataconnect`\n"}}
[debug] [2025-08-12T17:19:58.986Z] E0812 17:19:58.986389   17611 load.go:23] Could not load config from "/workspaces/adk-java/dataconnect": could not find dataconnect.yaml in `/workspaces/adk-java/dataconnect`
E0812 17:19:58.986425   17611 watch.go:76] watchAllDir unable to walk dir `/workspaces/adk-java/dataconnect`: on path "/workspaces/adk-java/dataconnect" (DirEntry: <nil>): lstat /workspaces/adk-java/dataconnect: no such file or directory
 {"metadata":{"emulator":{"name":"dataconnect"},"message":"E0812 17:19:58.986389   17611 load.go:23] Could not load config from \"/workspaces/adk-java/dataconnect\": could not find dataconnect.yaml in `/workspaces/adk-java/dataconnect`\nE0812 17:19:58.986425   17611 watch.go:76] watchAllDir unable to walk dir `/workspaces/adk-java/dataconnect`: on path \"/workspaces/adk-java/dataconnect\" (DirEntry: <nil>): lstat /workspaces/adk-java/dataconnect: no such file or directory\n"}}
[debug] [2025-08-12T17:20:08.995Z] E0812 17:20:08.995563   17611 load.go:23] Could not load config from "/workspaces/adk-java/dataconnect": could not find dataconnect.yaml in `/workspaces/adk-java/dataconnect`
 {"metadata":{"emulator":{"name":"dataconnect"},"message":"E0812 17:20:08.995563   17611 load.go:23] Could not load config from \"/workspaces/adk-java/dataconnect\": could not find dataconnect.yaml in `/workspaces/adk-java/dataconnect`\n"}}
[debug] [2025-08-12T17:20:18.986Z] E0812 17:20:18.986320   17611 load.go:23] Could not load config from "/workspaces/adk-java/dataconnect": could not find dataconnect.yaml in `/workspaces/adk-java/dataconnect`
 {"metadata":{"emulator":{"name":"dataconnect"},"message":"E0812 17:20:18.986320   17611 load.go:23] Could not load config from \"/workspaces/adk-java/dataconnect\": could not find dataconnect.yaml in `/workspaces/adk-java/dataconnect`\n"}}
[debug] [2025-08-12T17:20:28.986Z] E0812 17:20:28.986362   17611 load.go:23] Could not load config from "/workspaces/adk-java/dataconnect": could not find dataconnect.yaml in `/workspaces/adk-java/dataconnect`
 {"metadata":{"emulator":{"name":"dataconnect"},"message":"E0812 17:20:28.986362   17611 load.go:23] Could not load config from \"/workspaces/adk-java/dataconnect\": could not find dataconnect.yaml in `/workspaces/adk-java/dataconnect`\n"}}
[debug] [2025-08-12T17:20:38.994Z] E0812 17:20:38.994239   17611 load.go:23] Could not load config from "/workspaces/adk-java/dataconnect": could not find dataconnect.yaml in `/workspaces/adk-java/dataconnect`
 {"metadata":{"emulator":{"name":"dataconnect"},"message":"E0812 17:20:38.994239   17611 load.go:23] Could not load config from \"/workspaces/adk-java/dataconnect\": could not find dataconnect.yaml in `/workspaces/adk-java/dataconnect`\n"}}
[debug] [2025-08-12T17:20:48.986Z] E0812 17:20:48.986042   17611 load.go:23] Could not load config from "/workspaces/adk-java/dataconnect": could not find dataconnect.yaml in `/workspaces/adk-java/dataconnect`
 {"metadata":{"emulator":{"name":"dataconnect"},"message":"E0812 17:20:48.986042   17611 load.go:23] Could not load config from \"/workspaces/adk-java/dataconnect\": could not find dataconnect.yaml in `/workspaces/adk-java/dataconnect`\n"}}
[debug] [2025-08-12T17:20:58.986Z] E0812 17:20:58.986406   17611 load.go:23] Could not load config from "/workspaces/adk-java/dataconnect": could not find dataconnect.yaml in `/workspaces/adk-java/dataconnect`
 {"metadata":{"emulator":{"name":"dataconnect"},"message":"E0812 17:20:58.986406   17611 load.go:23] Could not load config from \"/workspaces/adk-java/dataconnect\": could not find dataconnect.yaml in `/workspaces/adk-java/dataconnect`\n"}}
[debug] [2025-08-12T17:21:08.994Z] E0812 17:21:08.994076   17611 load.go:23] Could not load config from "/workspaces/adk-java/dataconnect": could not find dataconnect.yaml in `/workspaces/adk-java/dataconnect`
 {"metadata":{"emulator":{"name":"dataconnect"},"message":"E0812 17:21:08.994076   17611 load.go:23] Could not load config from \"/workspaces/adk-java/dataconnect\": could not find dataconnect.yaml in `/workspaces/adk-java/dataconnect`\n"}}
[debug] [2025-08-12T17:21:18.995Z] E0812 17:21:18.995224   17611 load.go:23] Could not load config from "/workspaces/adk-java/dataconnect": could not find dataconnect.yaml in `/workspaces/adk-java/dataconnect`
 {"metadata":{"emulator":{"name":"dataconnect"},"message":"E0812 17:21:18.995224   17611 load.go:23] Could not load config from \"/workspaces/adk-java/dataconnect\": could not find dataconnect.yaml in `/workspaces/adk-java/dataconnect`\n"}}
[debug] [2025-08-12T17:21:28.986Z] E0812 17:21:28.986279   17611 load.go:23] Could not load config from "/workspaces/adk-java/dataconnect": could not find dataconnect.yaml in `/workspaces/adk-java/dataconnect`
 {"metadata":{"emulator":{"name":"dataconnect"},"message":"E0812 17:21:28.986279   17611 load.go:23] Could not load config from \"/workspaces/adk-java/dataconnect\": could not find dataconnect.yaml in `/workspaces/adk-java/dataconnect`\n"}}
[debug] [2025-08-12T17:21:38.986Z] E0812 17:21:38.986026   17611 load.go:23] Could not load config from "/workspaces/adk-java/dataconnect": could not find dataconnect.yaml in `/workspaces/adk-java/dataconnect`
 {"metadata":{"emulator":{"name":"dataconnect"},"message":"E0812 17:21:38.986026   17611 load.go:23] Could not load config from \"/workspaces/adk-java/dataconnect\": could not find dataconnect.yaml in `/workspaces/adk-java/dataconnect`\n"}}
[debug] [2025-08-12T17:21:48.994Z] E0812 17:21:48.994198   17611 load.go:23] Could not load config from "/workspaces/adk-java/dataconnect": could not find dataconnect.yaml in `/workspaces/adk-java/dataconnect`
 {"metadata":{"emulator":{"name":"dataconnect"},"message":"E0812 17:21:48.994198   17611 load.go:23] Could not load config from \"/workspaces/adk-java/dataconnect\": could not find dataconnect.yaml in `/workspaces/adk-java/dataconnect`\n"}}
[debug] [2025-08-12T17:21:58.986Z] E0812 17:21:58.986508   17611 load.go:23] Could not load config from "/workspaces/adk-java/dataconnect": could not find dataconnect.yaml in `/workspaces/adk-java/dataconnect`
E0812 17:21:58.986550   17611 watch.go:76] watchAllDir unable to walk dir `/workspaces/adk-java/dataconnect`: on path "/workspaces/adk-java/dataconnect" (DirEntry: <nil>): lstat /workspaces/adk-java/dataconnect: no such file or directory
 {"metadata":{"emulator":{"name":"dataconnect"},"message":"E0812 17:21:58.986508   17611 load.go:23] Could not load config from \"/workspaces/adk-java/dataconnect\": could not find dataconnect.yaml in `/workspaces/adk-java/dataconnect`\nE0812 17:21:58.986550   17611 watch.go:76] watchAllDir unable to walk dir `/workspaces/adk-java/dataconnect`: on path \"/workspaces/adk-java/dataconnect\" (DirEntry: <nil>): lstat /workspaces/adk-java/dataconnect: no such file or directory\n"}}
[debug] [2025-08-12T17:22:08.995Z] E0812 17:22:08.995621   17611 load.go:23] Could not load config from "/workspaces/adk-java/dataconnect": could not find dataconnect.yaml in `/workspaces/adk-java/dataconnect`
 {"metadata":{"emulator":{"name":"dataconnect"},"message":"E0812 17:22:08.995621   17611 load.go:23] Could not load config from \"/workspaces/adk-java/dataconnect\": could not find dataconnect.yaml in `/workspaces/adk-java/dataconnect`\n"}}
[debug] [2025-08-12T17:22:18.995Z] E0812 17:22:18.995716   17611 load.go:23] Could not load config from "/workspaces/adk-java/dataconnect": could not find dataconnect.yaml in `/workspaces/adk-java/dataconnect`
 {"metadata":{"emulator":{"name":"dataconnect"},"message":"E0812 17:22:18.995716   17611 load.go:23] Could not load config from \"/workspaces/adk-java/dataconnect\": could not find dataconnect.yaml in `/workspaces/adk-java/dataconnect`\n"}}
[debug] [2025-08-12T17:22:28.986Z] E0812 17:22:28.985984   17611 load.go:23] Could not load config from "/workspaces/adk-java/dataconnect": could not find dataconnect.yaml in `/workspaces/adk-java/dataconnect`
 {"metadata":{"emulator":{"name":"dataconnect"},"message":"E0812 17:22:28.985984   17611 load.go:23] Could not load config from \"/workspaces/adk-java/dataconnect\": could not find dataconnect.yaml in `/workspaces/adk-java/dataconnect`\n"}}
[debug] [2025-08-12T17:22:38.995Z] E0812 17:22:38.995573   17611 load.go:23] Could not load config from "/workspaces/adk-java/dataconnect": could not find dataconnect.yaml in `/workspaces/adk-java/dataconnect`
 {"metadata":{"emulator":{"name":"dataconnect"},"message":"E0812 17:22:38.995573   17611 load.go:23] Could not load config from \"/workspaces/adk-java/dataconnect\": could not find dataconnect.yaml in `/workspaces/adk-java/dataconnect`\n"}}
[debug] [2025-08-12T17:22:48.986Z] E0812 17:22:48.986178   17611 load.go:23] Could not load config from "/workspaces/adk-java/dataconnect": could not find dataconnect.yaml in `/workspaces/adk-java/dataconnect`
 {"metadata":{"emulator":{"name":"dataconnect"},"message":"E0812 17:22:48.986178   17611 load.go:23] Could not load config from \"/workspaces/adk-java/dataconnect\": could not find dataconnect.yaml in `/workspaces/adk-java/dataconnect`\n"}}
[debug] [2025-08-12T17:22:58.986Z] E0812 17:22:58.986348   17611 load.go:23] Could not load config from "/workspaces/adk-java/dataconnect": could not find dataconnect.yaml in `/workspaces/adk-java/dataconnect`
 {"metadata":{"emulator":{"name":"dataconnect"},"message":"E0812 17:22:58.986348   17611 load.go:23] Could not load config from \"/workspaces/adk-java/dataconnect\": could not find dataconnect.yaml in `/workspaces/adk-java/dataconnect`\n"}}
[debug] [2025-08-12T17:23:08.991Z] E0812 17:23:08.991239   17611 load.go:23] Could not load config from "/workspaces/adk-java/dataconnect": could not find dataconnect.yaml in `/workspaces/adk-java/dataconnect`
 {"metadata":{"emulator":{"name":"dataconnect"},"message":"E0812 17:23:08.991239   17611 load.go:23] Could not load config from \"/workspaces/adk-java/dataconnect\": could not find dataconnect.yaml in `/workspaces/adk-java/dataconnect`\n"}}
[debug] [2025-08-12T17:23:18.990Z] E0812 17:23:18.990722   17611 load.go:23] Could not load config from "/workspaces/adk-java/dataconnect": could not find dataconnect.yaml in `/workspaces/adk-java/dataconnect`
 {"metadata":{"emulator":{"name":"dataconnect"},"message":"E0812 17:23:18.990722   17611 load.go:23] Could not load config from \"/workspaces/adk-java/dataconnect\": could not find dataconnect.yaml in `/workspaces/adk-java/dataconnect`\n"}}
[debug] [2025-08-12T17:23:28.986Z] E0812 17:23:28.985915   17611 load.go:23] Could not load config from "/workspaces/adk-java/dataconnect": could not find dataconnect.yaml in `/workspaces/adk-java/dataconnect`
 {"metadata":{"emulator":{"name":"dataconnect"},"message":"E0812 17:23:28.985915   17611 load.go:23] Could not load config from \"/workspaces/adk-java/dataconnect\": could not find dataconnect.yaml in `/workspaces/adk-java/dataconnect`\n"}}
[debug] [2025-08-12T17:23:38.996Z] E0812 17:23:38.996038   17611 load.go:23] Could not load config from "/workspaces/adk-java/dataconnect": could not find dataconnect.yaml in `/workspaces/adk-java/dataconnect`
 {"metadata":{"emulator":{"name":"dataconnect"},"message":"E0812 17:23:38.996038   17611 load.go:23] Could not load config from \"/workspaces/adk-java/dataconnect\": could not find dataconnect.yaml in `/workspaces/adk-java/dataconnect`\n"}}
[debug] [2025-08-12T17:23:48.995Z] E0812 17:23:48.995095   17611 load.go:23] Could not load config from "/workspaces/adk-java/dataconnect": could not find dataconnect.yaml in `/workspaces/adk-java/dataconnect`
 {"metadata":{"emulator":{"name":"dataconnect"},"message":"E0812 17:23:48.995095   17611 load.go:23] Could not load config from \"/workspaces/adk-java/dataconnect\": could not find dataconnect.yaml in `/workspaces/adk-java/dataconnect`\n"}}
[debug] [2025-08-12T17:23:58.986Z] E0812 17:23:58.986345   17611 load.go:23] Could not load config from "/workspaces/adk-java/dataconnect": could not find dataconnect.yaml in `/workspaces/adk-java/dataconnect`
E0812 17:23:58.986386   17611 watch.go:76] watchAllDir unable to walk dir `/workspaces/adk-java/dataconnect`: on path "/workspaces/adk-java/dataconnect" (DirEntry: <nil>): lstat /workspaces/adk-java/dataconnect: no such file or directory
 {"metadata":{"emulator":{"name":"dataconnect"},"message":"E0812 17:23:58.986345   17611 load.go:23] Could not load config from \"/workspaces/adk-java/dataconnect\": could not find dataconnect.yaml in `/workspaces/adk-java/dataconnect`\nE0812 17:23:58.986386   17611 watch.go:76] watchAllDir unable to walk dir `/workspaces/adk-java/dataconnect`: on path \"/workspaces/adk-java/dataconnect\" (DirEntry: <nil>): lstat /workspaces/adk-java/dataconnect: no such file or directory\n"}}
[debug] [2025-08-12T17:24:08.995Z] E0812 17:24:08.995529   17611 load.go:23] Could not load config from "/workspaces/adk-java/dataconnect": could not find dataconnect.yaml in `/workspaces/adk-java/dataconnect`
 {"metadata":{"emulator":{"name":"dataconnect"},"message":"E0812 17:24:08.995529   17611 load.go:23] Could not load config from \"/workspaces/adk-java/dataconnect\": could not find dataconnect.yaml in `/workspaces/adk-java/dataconnect`\n"}}
[debug] [2025-08-12T17:24:18.986Z] E0812 17:24:18.986048   17611 load.go:23] Could not load config from "/workspaces/adk-java/dataconnect": could not find dataconnect.yaml in `/workspaces/adk-java/dataconnect`
 {"metadata":{"emulator":{"name":"dataconnect"},"message":"E0812 17:24:18.986048   17611 load.go:23] Could not load config from \"/workspaces/adk-java/dataconnect\": could not find dataconnect.yaml in `/workspaces/adk-java/dataconnect`\n"}}
[debug] [2025-08-12T17:24:28.986Z] E0812 17:24:28.986236   17611 load.go:23] Could not load config from "/workspaces/adk-java/dataconnect": could not find dataconnect.yaml in `/workspaces/adk-java/dataconnect`
 {"metadata":{"emulator":{"name":"dataconnect"},"message":"E0812 17:24:28.986236   17611 load.go:23] Could not load config from \"/workspaces/adk-java/dataconnect\": could not find dataconnect.yaml in `/workspaces/adk-java/dataconnect`\n"}}
[debug] [2025-08-12T17:24:38.986Z] E0812 17:24:38.986042   17611 load.go:23] Could not load config from "/workspaces/adk-java/dataconnect": could not find dataconnect.yaml in `/workspaces/adk-java/dataconnect`
 {"metadata":{"emulator":{"name":"dataconnect"},"message":"E0812 17:24:38.986042   17611 load.go:23] Could not load config from \"/workspaces/adk-java/dataconnect\": could not find dataconnect.yaml in `/workspaces/adk-java/dataconnect`\n"}}
[debug] [2025-08-12T17:24:48.986Z] E0812 17:24:48.986283   17611 load.go:23] Could not load config from "/workspaces/adk-java/dataconnect": could not find dataconnect.yaml in `/workspaces/adk-java/dataconnect`
 {"metadata":{"emulator":{"name":"dataconnect"},"message":"E0812 17:24:48.986283   17611 load.go:23] Could not load config from \"/workspaces/adk-java/dataconnect\": could not find dataconnect.yaml in `/workspaces/adk-java/dataconnect`\n"}}
[debug] [2025-08-12T17:24:58.986Z] E0812 17:24:58.986387   17611 load.go:23] Could not load config from "/workspaces/adk-java/dataconnect": could not find dataconnect.yaml in `/workspaces/adk-java/dataconnect`
 {"metadata":{"emulator":{"name":"dataconnect"},"message":"E0812 17:24:58.986387   17611 load.go:23] Could not load config from \"/workspaces/adk-java/dataconnect\": could not find dataconnect.yaml in `/workspaces/adk-java/dataconnect`\n"}}
[debug] [2025-08-12T17:25:08.995Z] E0812 17:25:08.995530   17611 load.go:23] Could not load config from "/workspaces/adk-java/dataconnect": could not find dataconnect.yaml in `/workspaces/adk-java/dataconnect`
 {"metadata":{"emulator":{"name":"dataconnect"},"message":"E0812 17:25:08.995530   17611 load.go:23] Could not load config from \"/workspaces/adk-java/dataconnect\": could not find dataconnect.yaml in `/workspaces/adk-java/dataconnect`\n"}}
[debug] [2025-08-12T17:25:18.986Z] E0812 17:25:18.986010   17611 load.go:23] Could not load config from "/workspaces/adk-java/dataconnect": could not find dataconnect.yaml in `/workspaces/adk-java/dataconnect`
 {"metadata":{"emulator":{"name":"dataconnect"},"message":"E0812 17:25:18.986010   17611 load.go:23] Could not load config from \"/workspaces/adk-java/dataconnect\": could not find dataconnect.yaml in `/workspaces/adk-java/dataconnect`\n"}}
[debug] [2025-08-12T17:25:28.986Z] E0812 17:25:28.986305   17611 load.go:23] Could not load config from "/workspaces/adk-java/dataconnect": could not find dataconnect.yaml in `/workspaces/adk-java/dataconnect`
 {"metadata":{"emulator":{"name":"dataconnect"},"message":"E0812 17:25:28.986305   17611 load.go:23] Could not load config from \"/workspaces/adk-java/dataconnect\": could not find dataconnect.yaml in `/workspaces/adk-java/dataconnect`\n"}}
[debug] [2025-08-12T17:25:38.995Z] E0812 17:25:38.995471   17611 load.go:23] Could not load config from "/workspaces/adk-java/dataconnect": could not find dataconnect.yaml in `/workspaces/adk-java/dataconnect`
 {"metadata":{"emulator":{"name":"dataconnect"},"message":"E0812 17:25:38.995471   17611 load.go:23] Could not load config from \"/workspaces/adk-java/dataconnect\": could not find dataconnect.yaml in `/workspaces/adk-java/dataconnect`\n"}}
[debug] [2025-08-12T17:25:48.989Z] E0812 17:25:48.989246   17611 load.go:23] Could not load config from "/workspaces/adk-java/dataconnect": could not find dataconnect.yaml in `/workspaces/adk-java/dataconnect`
 {"metadata":{"emulator":{"name":"dataconnect"},"message":"E0812 17:25:48.989246   17611 load.go:23] Could not load config from \"/workspaces/adk-java/dataconnect\": could not find dataconnect.yaml in `/workspaces/adk-java/dataconnect`\n"}}
[debug] [2025-08-12T17:25:58.986Z] E0812 17:25:58.986393   17611 load.go:23] Could not load config from "/workspaces/adk-java/dataconnect": could not find dataconnect.yaml in `/workspaces/adk-java/dataconnect`
E0812 17:25:58.986435   17611 watch.go:76] watchAllDir unable to walk dir `/workspaces/adk-java/dataconnect`: on path "/workspaces/adk-java/dataconnect" (DirEntry: <nil>): lstat /workspaces/adk-java/dataconnect: no such file or directory
 {"metadata":{"emulator":{"name":"dataconnect"},"message":"E0812 17:25:58.986393   17611 load.go:23] Could not load config from \"/workspaces/adk-java/dataconnect\": could not find dataconnect.yaml in `/workspaces/adk-java/dataconnect`\nE0812 17:25:58.986435   17611 watch.go:76] watchAllDir unable to walk dir `/workspaces/adk-java/dataconnect`: on path \"/workspaces/adk-java/dataconnect\" (DirEntry: <nil>): lstat /workspaces/adk-java/dataconnect: no such file or directory\n"}}
[debug] [2025-08-12T17:26:08.995Z] E0812 17:26:08.995561   17611 load.go:23] Could not load config from "/workspaces/adk-java/dataconnect": could not find dataconnect.yaml in `/workspaces/adk-java/dataconnect`
 {"metadata":{"emulator":{"name":"dataconnect"},"message":"E0812 17:26:08.995561   17611 load.go:23] Could not load config from \"/workspaces/adk-java/dataconnect\": could not find dataconnect.yaml in `/workspaces/adk-java/dataconnect`\n"}}
[debug] [2025-08-12T17:26:18.995Z] E0812 17:26:18.995644   17611 load.go:23] Could not load config from "/workspaces/adk-java/dataconnect": could not find dataconnect.yaml in `/workspaces/adk-java/dataconnect`
 {"metadata":{"emulator":{"name":"dataconnect"},"message":"E0812 17:26:18.995644   17611 load.go:23] Could not load config from \"/workspaces/adk-java/dataconnect\": could not find dataconnect.yaml in `/workspaces/adk-java/dataconnect`\n"}}
[debug] [2025-08-12T17:26:28.986Z] E0812 17:26:28.986420   17611 load.go:23] Could not load config from "/workspaces/adk-java/dataconnect": could not find dataconnect.yaml in `/workspaces/adk-java/dataconnect`
 {"metadata":{"emulator":{"name":"dataconnect"},"message":"E0812 17:26:28.986420   17611 load.go:23] Could not load config from \"/workspaces/adk-java/dataconnect\": could not find dataconnect.yaml in `/workspaces/adk-java/dataconnect`\n"}}
[debug] [2025-08-12T17:26:38.986Z] E0812 17:26:38.986316   17611 load.go:23] Could not load config from "/workspaces/adk-java/dataconnect": could not find dataconnect.yaml in `/workspaces/adk-java/dataconnect`
 {"metadata":{"emulator":{"name":"dataconnect"},"message":"E0812 17:26:38.986316   17611 load.go:23] Could not load config from \"/workspaces/adk-java/dataconnect\": could not find dataconnect.yaml in `/workspaces/adk-java/dataconnect`\n"}}
[debug] [2025-08-12T17:26:48.986Z] E0812 17:26:48.986075   17611 load.go:23] Could not load config from "/workspaces/adk-java/dataconnect": could not find dataconnect.yaml in `/workspaces/adk-java/dataconnect`
 {"metadata":{"emulator":{"name":"dataconnect"},"message":"E0812 17:26:48.986075   17611 load.go:23] Could not load config from \"/workspaces/adk-java/dataconnect\": could not find dataconnect.yaml in `/workspaces/adk-java/dataconnect`\n"}}
[debug] [2025-08-12T17:26:58.986Z] E0812 17:26:58.986394   17611 load.go:23] Could not load config from "/workspaces/adk-java/dataconnect": could not find dataconnect.yaml in `/workspaces/adk-java/dataconnect`
 {"metadata":{"emulator":{"name":"dataconnect"},"message":"E0812 17:26:58.986394   17611 load.go:23] Could not load config from \"/workspaces/adk-java/dataconnect\": could not find dataconnect.yaml in `/workspaces/adk-java/dataconnect`\n"}}
[debug] [2025-08-12T17:27:08.995Z] E0812 17:27:08.995522   17611 load.go:23] Could not load config from "/workspaces/adk-java/dataconnect": could not find dataconnect.yaml in `/workspaces/adk-java/dataconnect`
 {"metadata":{"emulator":{"name":"dataconnect"},"message":"E0812 17:27:08.995522   17611 load.go:23] Could not load config from \"/workspaces/adk-java/dataconnect\": could not find dataconnect.yaml in `/workspaces/adk-java/dataconnect`\n"}}
[debug] [2025-08-12T17:27:18.995Z] E0812 17:27:18.995600   17611 load.go:23] Could not load config from "/workspaces/adk-java/dataconnect": could not find dataconnect.yaml in `/workspaces/adk-java/dataconnect`
 {"metadata":{"emulator":{"name":"dataconnect"},"message":"E0812 17:27:18.995600   17611 load.go:23] Could not load config from \"/workspaces/adk-java/dataconnect\": could not find dataconnect.yaml in `/workspaces/adk-java/dataconnect`\n"}}
[debug] [2025-08-12T17:27:28.986Z] E0812 17:27:28.986777   17611 load.go:23] Could not load config from "/workspaces/adk-java/dataconnect": could not find dataconnect.yaml in `/workspaces/adk-java/dataconnect`
 {"metadata":{"emulator":{"name":"dataconnect"},"message":"E0812 17:27:28.986777   17611 load.go:23] Could not load config from \"/workspaces/adk-java/dataconnect\": could not find dataconnect.yaml in `/workspaces/adk-java/dataconnect`\n"}}
[debug] [2025-08-12T17:27:38.996Z] E0812 17:27:38.995946   17611 load.go:23] Could not load config from "/workspaces/adk-java/dataconnect": could not find dataconnect.yaml in `/workspaces/adk-java/dataconnect`
 {"metadata":{"emulator":{"name":"dataconnect"},"message":"E0812 17:27:38.995946   17611 load.go:23] Could not load config from \"/workspaces/adk-java/dataconnect\": could not find dataconnect.yaml in `/workspaces/adk-java/dataconnect`\n"}}
[debug] [2025-08-12T17:27:48.986Z] E0812 17:27:48.986036   17611 load.go:23] Could not load config from "/workspaces/adk-java/dataconnect": could not find dataconnect.yaml in `/workspaces/adk-java/dataconnect`
 {"metadata":{"emulator":{"name":"dataconnect"},"message":"E0812 17:27:48.986036   17611 load.go:23] Could not load config from \"/workspaces/adk-java/dataconnect\": could not find dataconnect.yaml in `/workspaces/adk-java/dataconnect`\n"}}
[debug] [2025-08-12T17:27:58.986Z] E0812 17:27:58.986298   17611 load.go:23] Could not load config from "/workspaces/adk-java/dataconnect": could not find dataconnect.yaml in `/workspaces/adk-java/dataconnect`
E0812 17:27:58.986340   17611 watch.go:76] watchAllDir unable to walk dir `/workspaces/adk-java/dataconnect`: on path "/workspaces/adk-java/dataconnect" (DirEntry: <nil>): lstat /workspaces/adk-java/dataconnect: no such file or directory
 {"metadata":{"emulator":{"name":"dataconnect"},"message":"E0812 17:27:58.986298   17611 load.go:23] Could not load config from \"/workspaces/adk-java/dataconnect\": could not find dataconnect.yaml in `/workspaces/adk-java/dataconnect`\nE0812 17:27:58.986340   17611 watch.go:76] watchAllDir unable to walk dir `/workspaces/adk-java/dataconnect`: on path \"/workspaces/adk-java/dataconnect\" (DirEntry: <nil>): lstat /workspaces/adk-java/dataconnect: no such file or directory\n"}}
[debug] [2025-08-12T17:28:08.995Z] E0812 17:28:08.995487   17611 load.go:23] Could not load config from "/workspaces/adk-java/dataconnect": could not find dataconnect.yaml in `/workspaces/adk-java/dataconnect`
 {"metadata":{"emulator":{"name":"dataconnect"},"message":"E0812 17:28:08.995487   17611 load.go:23] Could not load config from \"/workspaces/adk-java/dataconnect\": could not find dataconnect.yaml in `/workspaces/adk-java/dataconnect`\n"}}
[debug] [2025-08-12T17:28:18.995Z] E0812 17:28:18.995579   17611 load.go:23] Could not load config from "/workspaces/adk-java/dataconnect": could not find dataconnect.yaml in `/workspaces/adk-java/dataconnect`
 {"metadata":{"emulator":{"name":"dataconnect"},"message":"E0812 17:28:18.995579   17611 load.go:23] Could not load config from \"/workspaces/adk-java/dataconnect\": could not find dataconnect.yaml in `/workspaces/adk-java/dataconnect`\n"}}
[debug] [2025-08-12T17:28:28.986Z] E0812 17:28:28.986833   17611 load.go:23] Could not load config from "/workspaces/adk-java/dataconnect": could not find dataconnect.yaml in `/workspaces/adk-java/dataconnect`
 {"metadata":{"emulator":{"name":"dataconnect"},"message":"E0812 17:28:28.986833   17611 load.go:23] Could not load config from \"/workspaces/adk-java/dataconnect\": could not find dataconnect.yaml in `/workspaces/adk-java/dataconnect`\n"}}
[debug] [2025-08-12T17:28:38.986Z] E0812 17:28:38.985980   17611 load.go:23] Could not load config from "/workspaces/adk-java/dataconnect": could not find dataconnect.yaml in `/workspaces/adk-java/dataconnect`
 {"metadata":{"emulator":{"name":"dataconnect"},"message":"E0812 17:28:38.985980   17611 load.go:23] Could not load config from \"/workspaces/adk-java/dataconnect\": could not find dataconnect.yaml in `/workspaces/adk-java/dataconnect`\n"}}
[debug] [2025-08-12T17:28:48.986Z] E0812 17:28:48.986319   17611 load.go:23] Could not load config from "/workspaces/adk-java/dataconnect": could not find dataconnect.yaml in `/workspaces/adk-java/dataconnect`
 {"metadata":{"emulator":{"name":"dataconnect"},"message":"E0812 17:28:48.986319   17611 load.go:23] Could not load config from \"/workspaces/adk-java/dataconnect\": could not find dataconnect.yaml in `/workspaces/adk-java/dataconnect`\n"}}
[debug] [2025-08-12T17:28:58.986Z] E0812 17:28:58.986687   17611 load.go:23] Could not load config from "/workspaces/adk-java/dataconnect": could not find dataconnect.yaml in `/workspaces/adk-java/dataconnect`
 {"metadata":{"emulator":{"name":"dataconnect"},"message":"E0812 17:28:58.986687   17611 load.go:23] Could not load config from \"/workspaces/adk-java/dataconnect\": could not find dataconnect.yaml in `/workspaces/adk-java/dataconnect`\n"}}
[debug] [2025-08-12T17:29:08.989Z] E0812 17:29:08.989302   17611 load.go:23] Could not load config from "/workspaces/adk-java/dataconnect": could not find dataconnect.yaml in `/workspaces/adk-java/dataconnect`
 {"metadata":{"emulator":{"name":"dataconnect"},"message":"E0812 17:29:08.989302   17611 load.go:23] Could not load config from \"/workspaces/adk-java/dataconnect\": could not find dataconnect.yaml in `/workspaces/adk-java/dataconnect`\n"}}
[debug] [2025-08-12T17:29:18.995Z] E0812 17:29:18.995358   17611 load.go:23] Could not load config from "/workspaces/adk-java/dataconnect": could not find dataconnect.yaml in `/workspaces/adk-java/dataconnect`
 {"metadata":{"emulator":{"name":"dataconnect"},"message":"E0812 17:29:18.995358   17611 load.go:23] Could not load config from \"/workspaces/adk-java/dataconnect\": could not find dataconnect.yaml in `/workspaces/adk-java/dataconnect`\n"}}
[debug] [2025-08-12T17:29:28.986Z] E0812 17:29:28.986070   17611 load.go:23] Could not load config from "/workspaces/adk-java/dataconnect": could not find dataconnect.yaml in `/workspaces/adk-java/dataconnect`
 {"metadata":{"emulator":{"name":"dataconnect"},"message":"E0812 17:29:28.986070   17611 load.go:23] Could not load config from \"/workspaces/adk-java/dataconnect\": could not find dataconnect.yaml in `/workspaces/adk-java/dataconnect`\n"}}
[debug] [2025-08-12T17:29:38.995Z] E0812 17:29:38.995254   17611 load.go:23] Could not load config from "/workspaces/adk-java/dataconnect": could not find dataconnect.yaml in `/workspaces/adk-java/dataconnect`
 {"metadata":{"emulator":{"name":"dataconnect"},"message":"E0812 17:29:38.995254   17611 load.go:23] Could not load config from \"/workspaces/adk-java/dataconnect\": could not find dataconnect.yaml in `/workspaces/adk-java/dataconnect`\n"}}
[debug] [2025-08-12T17:29:48.989Z] E0812 17:29:48.989223   17611 load.go:23] Could not load config from "/workspaces/adk-java/dataconnect": could not find dataconnect.yaml in `/workspaces/adk-java/dataconnect`
 {"metadata":{"emulator":{"name":"dataconnect"},"message":"E0812 17:29:48.989223   17611 load.go:23] Could not load config from \"/workspaces/adk-java/dataconnect\": could not find dataconnect.yaml in `/workspaces/adk-java/dataconnect`\n"}}
[debug] [2025-08-12T17:29:58.986Z] E0812 17:29:58.986704   17611 load.go:23] Could not load config from "/workspaces/adk-java/dataconnect": could not find dataconnect.yaml in `/workspaces/adk-java/dataconnect`
E0812 17:29:58.986743   17611 watch.go:76] watchAllDir unable to walk dir `/workspaces/adk-java/dataconnect`: on path "/workspaces/adk-java/dataconnect" (DirEntry: <nil>): lstat /workspaces/adk-java/dataconnect: no such file or directory
 {"metadata":{"emulator":{"name":"dataconnect"},"message":"E0812 17:29:58.986704   17611 load.go:23] Could not load config from \"/workspaces/adk-java/dataconnect\": could not find dataconnect.yaml in `/workspaces/adk-java/dataconnect`\nE0812 17:29:58.986743   17611 watch.go:76] watchAllDir unable to walk dir `/workspaces/adk-java/dataconnect`: on path \"/workspaces/adk-java/dataconnect\" (DirEntry: <nil>): lstat /workspaces/adk-java/dataconnect: no such file or directory\n"}}
[debug] [2025-08-12T17:30:08.996Z] E0812 17:30:08.995898   17611 load.go:23] Could not load config from "/workspaces/adk-java/dataconnect": could not find dataconnect.yaml in `/workspaces/adk-java/dataconnect`
 {"metadata":{"emulator":{"name":"dataconnect"},"message":"E0812 17:30:08.995898   17611 load.go:23] Could not load config from \"/workspaces/adk-java/dataconnect\": could not find dataconnect.yaml in `/workspaces/adk-java/dataconnect`\n"}}
[debug] [2025-08-12T17:30:18.995Z] E0812 17:30:18.994945   17611 load.go:23] Could not load config from "/workspaces/adk-java/dataconnect": could not find dataconnect.yaml in `/workspaces/adk-java/dataconnect`
 {"metadata":{"emulator":{"name":"dataconnect"},"message":"E0812 17:30:18.994945   17611 load.go:23] Could not load config from \"/workspaces/adk-java/dataconnect\": could not find dataconnect.yaml in `/workspaces/adk-java/dataconnect`\n"}}
[debug] [2025-08-12T17:30:28.986Z] E0812 17:30:28.986338   17611 load.go:23] Could not load config from "/workspaces/adk-java/dataconnect": could not find dataconnect.yaml in `/workspaces/adk-java/dataconnect`
 {"metadata":{"emulator":{"name":"dataconnect"},"message":"E0812 17:30:28.986338   17611 load.go:23] Could not load config from \"/workspaces/adk-java/dataconnect\": could not find dataconnect.yaml in `/workspaces/adk-java/dataconnect`\n"}}
[debug] [2025-08-12T17:30:38.986Z] E0812 17:30:38.986806   17611 load.go:23] Could not load config from "/workspaces/adk-java/dataconnect": could not find dataconnect.yaml in `/workspaces/adk-java/dataconnect`
 {"metadata":{"emulator":{"name":"dataconnect"},"message":"E0812 17:30:38.986806   17611 load.go:23] Could not load config from \"/workspaces/adk-java/dataconnect\": could not find dataconnect.yaml in `/workspaces/adk-java/dataconnect`\n"}}
[debug] [2025-08-12T17:30:48.989Z] E0812 17:30:48.989229   17611 load.go:23] Could not load config from "/workspaces/adk-java/dataconnect": could not find dataconnect.yaml in `/workspaces/adk-java/dataconnect`
 {"metadata":{"emulator":{"name":"dataconnect"},"message":"E0812 17:30:48.989229   17611 load.go:23] Could not load config from \"/workspaces/adk-java/dataconnect\": could not find dataconnect.yaml in `/workspaces/adk-java/dataconnect`\n"}}
[debug] [2025-08-12T17:30:58.986Z] E0812 17:30:58.985949   17611 load.go:23] Could not load config from "/workspaces/adk-java/dataconnect": could not find dataconnect.yaml in `/workspaces/adk-java/dataconnect`
 {"metadata":{"emulator":{"name":"dataconnect"},"message":"E0812 17:30:58.985949   17611 load.go:23] Could not load config from \"/workspaces/adk-java/dataconnect\": could not find dataconnect.yaml in `/workspaces/adk-java/dataconnect`\n"}}
[debug] [2025-08-12T17:31:08.989Z] E0812 17:31:08.989359   17611 load.go:23] Could not load config from "/workspaces/adk-java/dataconnect": could not find dataconnect.yaml in `/workspaces/adk-java/dataconnect`
 {"metadata":{"emulator":{"name":"dataconnect"},"message":"E0812 17:31:08.989359   17611 load.go:23] Could not load config from \"/workspaces/adk-java/dataconnect\": could not find dataconnect.yaml in `/workspaces/adk-java/dataconnect`\n"}}
[debug] [2025-08-12T17:31:18.995Z] E0812 17:31:18.995515   17611 load.go:23] Could not load config from "/workspaces/adk-java/dataconnect": could not find dataconnect.yaml in `/workspaces/adk-java/dataconnect`
 {"metadata":{"emulator":{"name":"dataconnect"},"message":"E0812 17:31:18.995515   17611 load.go:23] Could not load config from \"/workspaces/adk-java/dataconnect\": could not find dataconnect.yaml in `/workspaces/adk-java/dataconnect`\n"}}
[debug] [2025-08-12T17:31:28.986Z] E0812 17:31:28.986698   17611 load.go:23] Could not load config from "/workspaces/adk-java/dataconnect": could not find dataconnect.yaml in `/workspaces/adk-java/dataconnect`
 {"metadata":{"emulator":{"name":"dataconnect"},"message":"E0812 17:31:28.986698   17611 load.go:23] Could not load config from \"/workspaces/adk-java/dataconnect\": could not find dataconnect.yaml in `/workspaces/adk-java/dataconnect`\n"}}
[debug] [2025-08-12T17:31:38.995Z] E0812 17:31:38.995181   17611 load.go:23] Could not load config from "/workspaces/adk-java/dataconnect": could not find dataconnect.yaml in `/workspaces/adk-java/dataconnect`
 {"metadata":{"emulator":{"name":"dataconnect"},"message":"E0812 17:31:38.995181   17611 load.go:23] Could not load config from \"/workspaces/adk-java/dataconnect\": could not find dataconnect.yaml in `/workspaces/adk-java/dataconnect`\n"}}
[debug] [2025-08-12T17:31:48.995Z] E0812 17:31:48.995260   17611 load.go:23] Could not load config from "/workspaces/adk-java/dataconnect": could not find dataconnect.yaml in `/workspaces/adk-java/dataconnect`
 {"metadata":{"emulator":{"name":"dataconnect"},"message":"E0812 17:31:48.995260   17611 load.go:23] Could not load config from \"/workspaces/adk-java/dataconnect\": could not find dataconnect.yaml in `/workspaces/adk-java/dataconnect`\n"}}
[debug] [2025-08-12T17:31:58.986Z] E0812 17:31:58.986546   17611 load.go:23] Could not load config from "/workspaces/adk-java/dataconnect": could not find dataconnect.yaml in `/workspaces/adk-java/dataconnect`
E0812 17:31:58.986588   17611 watch.go:76] watchAllDir unable to walk dir `/workspaces/adk-java/dataconnect`: on path "/workspaces/adk-java/dataconnect" (DirEntry: <nil>): lstat /workspaces/adk-java/dataconnect: no such file or directory
 {"metadata":{"emulator":{"name":"dataconnect"},"message":"E0812 17:31:58.986546   17611 load.go:23] Could not load config from \"/workspaces/adk-java/dataconnect\": could not find dataconnect.yaml in `/workspaces/adk-java/dataconnect`\nE0812 17:31:58.986588   17611 watch.go:76] watchAllDir unable to walk dir `/workspaces/adk-java/dataconnect`: on path \"/workspaces/adk-java/dataconnect\" (DirEntry: <nil>): lstat /workspaces/adk-java/dataconnect: no such file or directory\n"}}
[debug] [2025-08-12T17:32:08.987Z] E0812 17:32:08.987637   17611 load.go:23] Could not load config from "/workspaces/adk-java/dataconnect": could not find dataconnect.yaml in `/workspaces/adk-java/dataconnect`
 {"metadata":{"emulator":{"name":"dataconnect"},"message":"E0812 17:32:08.987637   17611 load.go:23] Could not load config from \"/workspaces/adk-java/dataconnect\": could not find dataconnect.yaml in `/workspaces/adk-java/dataconnect`\n"}}
[debug] [2025-08-12T17:32:18.986Z] E0812 17:32:18.986435   17611 load.go:23] Could not load config from "/workspaces/adk-java/dataconnect": could not find dataconnect.yaml in `/workspaces/adk-java/dataconnect`
 {"metadata":{"emulator":{"name":"dataconnect"},"message":"E0812 17:32:18.986435   17611 load.go:23] Could not load config from \"/workspaces/adk-java/dataconnect\": could not find dataconnect.yaml in `/workspaces/adk-java/dataconnect`\n"}}
[debug] [2025-08-12T17:32:28.986Z] E0812 17:32:28.986622   17611 load.go:23] Could not load config from "/workspaces/adk-java/dataconnect": could not find dataconnect.yaml in `/workspaces/adk-java/dataconnect`
 {"metadata":{"emulator":{"name":"dataconnect"},"message":"E0812 17:32:28.986622   17611 load.go:23] Could not load config from \"/workspaces/adk-java/dataconnect\": could not find dataconnect.yaml in `/workspaces/adk-java/dataconnect`\n"}}
[debug] [2025-08-12T17:32:38.989Z] E0812 17:32:38.988844   17611 load.go:23] Could not load config from "/workspaces/adk-java/dataconnect": could not find dataconnect.yaml in `/workspaces/adk-java/dataconnect`
 {"metadata":{"emulator":{"name":"dataconnect"},"message":"E0812 17:32:38.988844   17611 load.go:23] Could not load config from \"/workspaces/adk-java/dataconnect\": could not find dataconnect.yaml in `/workspaces/adk-java/dataconnect`\n"}}
[debug] [2025-08-12T17:32:48.986Z] E0812 17:32:48.986708   17611 load.go:23] Could not load config from "/workspaces/adk-java/dataconnect": could not find dataconnect.yaml in `/workspaces/adk-java/dataconnect`
 {"metadata":{"emulator":{"name":"dataconnect"},"message":"E0812 17:32:48.986708   17611 load.go:23] Could not load config from \"/workspaces/adk-java/dataconnect\": could not find dataconnect.yaml in `/workspaces/adk-java/dataconnect`\n"}}
[debug] [2025-08-12T17:32:58.986Z] E0812 17:32:58.985975   17611 load.go:23] Could not load config from "/workspaces/adk-java/dataconnect": could not find dataconnect.yaml in `/workspaces/adk-java/dataconnect`
 {"metadata":{"emulator":{"name":"dataconnect"},"message":"E0812 17:32:58.985975   17611 load.go:23] Could not load config from \"/workspaces/adk-java/dataconnect\": could not find dataconnect.yaml in `/workspaces/adk-java/dataconnect`\n"}}
[debug] [2025-08-12T17:33:08.986Z] E0812 17:33:08.986069   17611 load.go:23] Could not load config from "/workspaces/adk-java/dataconnect": could not find dataconnect.yaml in `/workspaces/adk-java/dataconnect`
 {"metadata":{"emulator":{"name":"dataconnect"},"message":"E0812 17:33:08.986069   17611 load.go:23] Could not load config from \"/workspaces/adk-java/dataconnect\": could not find dataconnect.yaml in `/workspaces/adk-java/dataconnect`\n"}}
[debug] [2025-08-12T17:33:18.987Z] E0812 17:33:18.986961   17611 load.go:23] Could not load config from "/workspaces/adk-java/dataconnect": could not find dataconnect.yaml in `/workspaces/adk-java/dataconnect`
 {"metadata":{"emulator":{"name":"dataconnect"},"message":"E0812 17:33:18.986961   17611 load.go:23] Could not load config from \"/workspaces/adk-java/dataconnect\": could not find dataconnect.yaml in `/workspaces/adk-java/dataconnect`\n"}}
[debug] [2025-08-12T17:33:28.986Z] E0812 17:33:28.986488   17611 load.go:23] Could not load config from "/workspaces/adk-java/dataconnect": could not find dataconnect.yaml in `/workspaces/adk-java/dataconnect`
 {"metadata":{"emulator":{"name":"dataconnect"},"message":"E0812 17:33:28.986488   17611 load.go:23] Could not load config from \"/workspaces/adk-java/dataconnect\": could not find dataconnect.yaml in `/workspaces/adk-java/dataconnect`\n"}}
[debug] [2025-08-12T17:33:38.995Z] E0812 17:33:38.995540   17611 load.go:23] Could not load config from "/workspaces/adk-java/dataconnect": could not find dataconnect.yaml in `/workspaces/adk-java/dataconnect`
 {"metadata":{"emulator":{"name":"dataconnect"},"message":"E0812 17:33:38.995540   17611 load.go:23] Could not load config from \"/workspaces/adk-java/dataconnect\": could not find dataconnect.yaml in `/workspaces/adk-java/dataconnect`\n"}}
[debug] [2025-08-12T17:33:48.990Z] E0812 17:33:48.989870   17611 load.go:23] Could not load config from "/workspaces/adk-java/dataconnect": could not find dataconnect.yaml in `/workspaces/adk-java/dataconnect`
 {"metadata":{"emulator":{"name":"dataconnect"},"message":"E0812 17:33:48.989870   17611 load.go:23] Could not load config from \"/workspaces/adk-java/dataconnect\": could not find dataconnect.yaml in `/workspaces/adk-java/dataconnect`\n"}}
[debug] [2025-08-12T17:33:58.986Z] E0812 17:33:58.986173   17611 load.go:23] Could not load config from "/workspaces/adk-java/dataconnect": could not find dataconnect.yaml in `/workspaces/adk-java/dataconnect`
E0812 17:33:58.986211   17611 watch.go:76] watchAllDir unable to walk dir `/workspaces/adk-java/dataconnect`: on path "/workspaces/adk-java/dataconnect" (DirEntry: <nil>): lstat /workspaces/adk-java/dataconnect: no such file or directory
 {"metadata":{"emulator":{"name":"dataconnect"},"message":"E0812 17:33:58.986173   17611 load.go:23] Could not load config from \"/workspaces/adk-java/dataconnect\": could not find dataconnect.yaml in `/workspaces/adk-java/dataconnect`\nE0812 17:33:58.986211   17611 watch.go:76] watchAllDir unable to walk dir `/workspaces/adk-java/dataconnect`: on path \"/workspaces/adk-java/dataconnect\" (DirEntry: <nil>): lstat /workspaces/adk-java/dataconnect: no such file or directory\n"}}
[debug] [2025-08-12T17:34:08.995Z] E0812 17:34:08.995252   17611 load.go:23] Could not load config from "/workspaces/adk-java/dataconnect": could not find dataconnect.yaml in `/workspaces/adk-java/dataconnect`
 {"metadata":{"emulator":{"name":"dataconnect"},"message":"E0812 17:34:08.995252   17611 load.go:23] Could not load config from \"/workspaces/adk-java/dataconnect\": could not find dataconnect.yaml in `/workspaces/adk-java/dataconnect`\n"}}
[debug] [2025-08-12T17:34:19.002Z] E0812 17:34:18.995294   17611 load.go:23] Could not load config from "/workspaces/adk-java/dataconnect": could not find dataconnect.yaml in `/workspaces/adk-java/dataconnect`
 {"metadata":{"emulator":{"name":"dataconnect"},"message":"E0812 17:34:18.995294   17611 load.go:23] Could not load config from \"/workspaces/adk-java/dataconnect\": could not find dataconnect.yaml in `/workspaces/adk-java/dataconnect`\n"}}
[debug] [2025-08-12T17:34:28.986Z] E0812 17:34:28.986426   17611 load.go:23] Could not load config from "/workspaces/adk-java/dataconnect": could not find dataconnect.yaml in `/workspaces/adk-java/dataconnect`
 {"metadata":{"emulator":{"name":"dataconnect"},"message":"E0812 17:34:28.986426   17611 load.go:23] Could not load config from \"/workspaces/adk-java/dataconnect\": could not find dataconnect.yaml in `/workspaces/adk-java/dataconnect`\n"}}
[debug] [2025-08-12T17:34:38.995Z] E0812 17:34:38.995195   17611 load.go:23] Could not load config from "/workspaces/adk-java/dataconnect": could not find dataconnect.yaml in `/workspaces/adk-java/dataconnect`
 {"metadata":{"emulator":{"name":"dataconnect"},"message":"E0812 17:34:38.995195   17611 load.go:23] Could not load config from \"/workspaces/adk-java/dataconnect\": could not find dataconnect.yaml in `/workspaces/adk-java/dataconnect`\n"}}
[debug] [2025-08-12T17:34:48.995Z] E0812 17:34:48.995254   17611 load.go:23] Could not load config from "/workspaces/adk-java/dataconnect": could not find dataconnect.yaml in `/workspaces/adk-java/dataconnect`
 {"metadata":{"emulator":{"name":"dataconnect"},"message":"E0812 17:34:48.995254   17611 load.go:23] Could not load config from \"/workspaces/adk-java/dataconnect\": could not find dataconnect.yaml in `/workspaces/adk-java/dataconnect`\n"}}
[debug] [2025-08-12T17:34:58.986Z] E0812 17:34:58.986412   17611 load.go:23] Could not load config from "/workspaces/adk-java/dataconnect": could not find dataconnect.yaml in `/workspaces/adk-java/dataconnect`
 {"metadata":{"emulator":{"name":"dataconnect"},"message":"E0812 17:34:58.986412   17611 load.go:23] Could not load config from \"/workspaces/adk-java/dataconnect\": could not find dataconnect.yaml in `/workspaces/adk-java/dataconnect`\n"}}
[debug] [2025-08-12T17:35:08.987Z] E0812 17:35:08.986850   17611 load.go:23] Could not load config from "/workspaces/adk-java/dataconnect": could not find dataconnect.yaml in `/workspaces/adk-java/dataconnect`
 {"metadata":{"emulator":{"name":"dataconnect"},"message":"E0812 17:35:08.986850   17611 load.go:23] Could not load config from \"/workspaces/adk-java/dataconnect\": could not find dataconnect.yaml in `/workspaces/adk-java/dataconnect`\n"}}
[debug] [2025-08-12T17:35:18.989Z] E0812 17:35:18.986245   17611 load.go:23] Could not load config from "/workspaces/adk-java/dataconnect": could not find dataconnect.yaml in `/workspaces/adk-java/dataconnect`
 {"metadata":{"emulator":{"name":"dataconnect"},"message":"E0812 17:35:18.986245   17611 load.go:23] Could not load config from \"/workspaces/adk-java/dataconnect\": could not find dataconnect.yaml in `/workspaces/adk-java/dataconnect`\n"}}
[debug] [2025-08-12T17:35:21.587Z] [Firebase Plugin] Activating Firebase extension.
[info] [Firebase Plugin] Checked firebase-tools, is up to date!
[debug] [2025-08-12T17:35:27.786Z] [Firebase Plugin] requireAuthWrapper
[debug] [2025-08-12T17:35:27.787Z] > command requires scopes: ["email","openid","https://www.googleapis.com/auth/cloudplatformprojects.readonly","https://www.googleapis.com/auth/firebase","https://www.googleapis.com/auth/cloud-platform"]
[debug] [2025-08-12T17:35:27.800Z] [Firebase Plugin] VSCode notification server listening on port 40002
[error] [Firebase Plugin] requireAuth error: Could not load the default credentials. Browse to https://cloud.google.com/docs/authentication/getting-started for more information.
[info] [Firebase Plugin] Starting Data Connect toolkit (version 2.10.1) on port 50001
[debug] [2025-08-12T17:35:28.364Z] 'fdc build' failed with error: Unable to build your Data Connect schema and connectors (exit code 1): E0812 17:35:28.362890   34008 cmd.go:43] Error loading data connect config: could not find dataconnect.yaml in `/workspaces/adk-java/dataconnect`
 {"metadata":{"emulator":{"name":"dataconnect"},"message":"'fdc build' failed with error: Unable to build your Data Connect schema and connectors (exit code 1): E0812 17:35:28.362890   34008 cmd.go:43] Error loading data connect config: could not find dataconnect.yaml in `/workspaces/adk-java/dataconnect`\n"}}
[debug] [2025-08-12T17:35:28.365Z] Ignoring unsupported arg: auto_download {"metadata":{"emulator":{"name":"dataconnect"},"message":"Ignoring unsupported arg: auto_download"}}
[debug] [2025-08-12T17:35:28.365Z] Ignoring unsupported arg: port {"metadata":{"emulator":{"name":"dataconnect"},"message":"Ignoring unsupported arg: port"}}
[debug] [2025-08-12T17:35:28.366Z] Starting Data Connect Emulator with command {"binary":"/home/codespace/.cache/firebase/emulators/dataconnect-emulator-2.10.1","args":["--logtostderr","-v=2","dev","--listen=localhost:50001","--config_dir=/workspaces/adk-java/dataconnect","--enable_output_schema_extensions=true","--enable_output_generated_sdk=true"],"optionalArgs":["listen","config_dir","enable_output_schema_extensions","enable_output_generated_sdk"],"joinArgs":true,"shell":false,"port":9399} {"metadata":{"emulator":{"name":"dataconnect"},"message":"Starting Data Connect Emulator with command {\"binary\":\"/home/codespace/.cache/firebase/emulators/dataconnect-emulator-2.10.1\",\"args\":[\"--logtostderr\",\"-v=2\",\"dev\",\"--listen=localhost:50001\",\"--config_dir=/workspaces/adk-java/dataconnect\",\"--enable_output_schema_extensions=true\",\"--enable_output_generated_sdk=true\"],\"optionalArgs\":[\"listen\",\"config_dir\",\"enable_output_schema_extensions\",\"enable_output_generated_sdk\"],\"joinArgs\":true,\"shell\":false,\"port\":9399}"}}
[info] i  dataconnect: Data Connect Emulator logging to dataconnect-debug.log {"metadata":{"emulator":{"name":"dataconnect"},"message":"Data Connect Emulator logging to dataconnect-debug.log"}}
[debug] [2025-08-12T17:35:28.390Z] E0812 17:35:28.388720   34015 load.go:23] Could not load config from "/workspaces/adk-java/dataconnect": could not find dataconnect.yaml in `/workspaces/adk-java/dataconnect`
E0812 17:35:28.388895   34015 watch.go:76] watchAllDir unable to walk dir `/workspaces/adk-java/dataconnect`: on path "/workspaces/adk-java/dataconnect" (DirEntry: <nil>): lstat /workspaces/adk-java/dataconnect: no such file or directory
I0812 17:35:28.389272   34015 dev.go:95] Listening on address (HTTP + gRPC): 127.0.0.1:50001
 {"metadata":{"emulator":{"name":"dataconnect"},"message":"E0812 17:35:28.388720   34015 load.go:23] Could not load config from \"/workspaces/adk-java/dataconnect\": could not find dataconnect.yaml in `/workspaces/adk-java/dataconnect`\nE0812 17:35:28.388895   34015 watch.go:76] watchAllDir unable to walk dir `/workspaces/adk-java/dataconnect`: on path \"/workspaces/adk-java/dataconnect\" (DirEntry: <nil>): lstat /workspaces/adk-java/dataconnect: no such file or directory\nI0812 17:35:28.389272   34015 dev.go:95] Listening on address (HTTP + gRPC): 127.0.0.1:50001\n"}}
[error] [Firebase Plugin] error:  {"path":"/workspaces/adk-java/dataconnect/dataconnect.yaml","error":{"name":"FirebaseError","children":[],"exit":1,"message":"Could not find \"dataconnect.yaml\" in \"/workspaces/adk-java/dataconnect\"","original":{"errno":-2,"code":"ENOENT","syscall":"open","path":"/workspaces/adk-java/dataconnect/dataconnect.yaml"},"status":500},"range":[{"line":0,"character":0},{"line":0,"character":0}]}
[debug] [2025-08-12T17:35:28.986Z] E0812 17:35:28.986437   17611 load.go:23] Could not load config from "/workspaces/adk-java/dataconnect": could not find dataconnect.yaml in `/workspaces/adk-java/dataconnect`
 {"metadata":{"emulator":{"name":"dataconnect"},"message":"E0812 17:35:28.986437   17611 load.go:23] Could not load config from \"/workspaces/adk-java/dataconnect\": could not find dataconnect.yaml in `/workspaces/adk-java/dataconnect`\n"}}
[debug] [2025-08-12T17:35:38.398Z] E0812 17:35:38.398424   34015 load.go:23] Could not load config from "/workspaces/adk-java/dataconnect": could not find dataconnect.yaml in `/workspaces/adk-java/dataconnect`
 {"metadata":{"emulator":{"name":"dataconnect"},"message":"E0812 17:35:38.398424   34015 load.go:23] Could not load config from \"/workspaces/adk-java/dataconnect\": could not find dataconnect.yaml in `/workspaces/adk-java/dataconnect`\n"}}
[debug] [2025-08-12T17:35:38.992Z] E0812 17:35:38.992328   17611 load.go:23] Could not load config from "/workspaces/adk-java/dataconnect": could not find dataconnect.yaml in `/workspaces/adk-java/dataconnect`
 {"metadata":{"emulator":{"name":"dataconnect"},"message":"E0812 17:35:38.992328   17611 load.go:23] Could not load config from \"/workspaces/adk-java/dataconnect\": could not find dataconnect.yaml in `/workspaces/adk-java/dataconnect`\n"}}
[debug] [2025-08-12T17:35:48.398Z] E0812 17:35:48.398500   34015 load.go:23] Could not load config from "/workspaces/adk-java/dataconnect": could not find dataconnect.yaml in `/workspaces/adk-java/dataconnect`
 {"metadata":{"emulator":{"name":"dataconnect"},"message":"E0812 17:35:48.398500   34015 load.go:23] Could not load config from \"/workspaces/adk-java/dataconnect\": could not find dataconnect.yaml in `/workspaces/adk-java/dataconnect`\n"}}
[debug] [2025-08-12T17:35:48.986Z] E0812 17:35:48.986041   17611 load.go:23] Could not load config from "/workspaces/adk-java/dataconnect": could not find dataconnect.yaml in `/workspaces/adk-java/dataconnect`
 {"metadata":{"emulator":{"name":"dataconnect"},"message":"E0812 17:35:48.986041   17611 load.go:23] Could not load config from \"/workspaces/adk-java/dataconnect\": could not find dataconnect.yaml in `/workspaces/adk-java/dataconnect`\n"}}
[debug] [2025-08-12T17:35:58.389Z] E0812 17:35:58.389728   34015 load.go:23] Could not load config from "/workspaces/adk-java/dataconnect": could not find dataconnect.yaml in `/workspaces/adk-java/dataconnect`
 {"metadata":{"emulator":{"name":"dataconnect"},"message":"E0812 17:35:58.389728   34015 load.go:23] Could not load config from \"/workspaces/adk-java/dataconnect\": could not find dataconnect.yaml in `/workspaces/adk-java/dataconnect`\n"}}
[debug] [2025-08-12T17:35:58.986Z] E0812 17:35:58.986419   17611 load.go:23] Could not load config from "/workspaces/adk-java/dataconnect": could not find dataconnect.yaml in `/workspaces/adk-java/dataconnect`
E0812 17:35:58.986469   17611 watch.go:76] watchAllDir unable to walk dir `/workspaces/adk-java/dataconnect`: on path "/workspaces/adk-java/dataconnect" (DirEntry: <nil>): lstat /workspaces/adk-java/dataconnect: no such file or directory
 {"metadata":{"emulator":{"name":"dataconnect"},"message":"E0812 17:35:58.986419   17611 load.go:23] Could not load config from \"/workspaces/adk-java/dataconnect\": could not find dataconnect.yaml in `/workspaces/adk-java/dataconnect`\nE0812 17:35:58.986469   17611 watch.go:76] watchAllDir unable to walk dir `/workspaces/adk-java/dataconnect`: on path \"/workspaces/adk-java/dataconnect\" (DirEntry: <nil>): lstat /workspaces/adk-java/dataconnect: no such file or directory\n"}}
[debug] [2025-08-12T17:36:08.399Z] E0812 17:36:08.398817   34015 load.go:23] Could not load config from "/workspaces/adk-java/dataconnect": could not find dataconnect.yaml in `/workspaces/adk-java/dataconnect`
 {"metadata":{"emulator":{"name":"dataconnect"},"message":"E0812 17:36:08.398817   34015 load.go:23] Could not load config from \"/workspaces/adk-java/dataconnect\": could not find dataconnect.yaml in `/workspaces/adk-java/dataconnect`\n"}}
[debug] [2025-08-12T17:36:08.995Z] E0812 17:36:08.995498   17611 load.go:23] Could not load config from "/workspaces/adk-java/dataconnect": could not find dataconnect.yaml in `/workspaces/adk-java/dataconnect`
 {"metadata":{"emulator":{"name":"dataconnect"},"message":"E0812 17:36:08.995498   17611 load.go:23] Could not load config from \"/workspaces/adk-java/dataconnect\": could not find dataconnect.yaml in `/workspaces/adk-java/dataconnect`\n"}}
[debug] [2025-08-12T17:36:18.398Z] E0812 17:36:18.397916   34015 load.go:23] Could not load config from "/workspaces/adk-java/dataconnect": could not find dataconnect.yaml in `/workspaces/adk-java/dataconnect`
 {"metadata":{"emulator":{"name":"dataconnect"},"message":"E0812 17:36:18.397916   34015 load.go:23] Could not load config from \"/workspaces/adk-java/dataconnect\": could not find dataconnect.yaml in `/workspaces/adk-java/dataconnect`\n"}}
[debug] [2025-08-12T17:36:18.987Z] E0812 17:36:18.987279   17611 load.go:23] Could not load config from "/workspaces/adk-java/dataconnect": could not find dataconnect.yaml in `/workspaces/adk-java/dataconnect`
 {"metadata":{"emulator":{"name":"dataconnect"},"message":"E0812 17:36:18.987279   17611 load.go:23] Could not load config from \"/workspaces/adk-java/dataconnect\": could not find dataconnect.yaml in `/workspaces/adk-java/dataconnect`\n"}}
[debug] [2025-08-12T17:36:28.390Z] E0812 17:36:28.390204   34015 load.go:23] Could not load config from "/workspaces/adk-java/dataconnect": could not find dataconnect.yaml in `/workspaces/adk-java/dataconnect`
 {"metadata":{"emulator":{"name":"dataconnect"},"message":"E0812 17:36:28.390204   34015 load.go:23] Could not load config from \"/workspaces/adk-java/dataconnect\": could not find dataconnect.yaml in `/workspaces/adk-java/dataconnect`\n"}}
[debug] [2025-08-12T17:36:28.986Z] E0812 17:36:28.986359   17611 load.go:23] Could not load config from "/workspaces/adk-java/dataconnect": could not find dataconnect.yaml in `/workspaces/adk-java/dataconnect`
 {"metadata":{"emulator":{"name":"dataconnect"},"message":"E0812 17:36:28.986359   17611 load.go:23] Could not load config from \"/workspaces/adk-java/dataconnect\": could not find dataconnect.yaml in `/workspaces/adk-java/dataconnect`\n"}}
[debug] [2025-08-12T17:36:38.398Z] I0812 17:36:38.398713   34015 load.go:37] Reloading schema and connectors...
 {"metadata":{"emulator":{"name":"dataconnect"},"message":"I0812 17:36:38.398713   34015 load.go:37] Reloading schema and connectors...\n"}}
[debug] [2025-08-12T17:36:38.423Z] I0812 17:36:38.423204   34015 control.go:84] [/emulator/viral ddd4] UpdateResources(): done
Schema: sources: schema/schema.gql [2088B] 
Connector "default": sources: connector/mutations.gql [1301B] connector/queries.gql [1947B] 
 {"metadata":{"emulator":{"name":"dataconnect"},"message":"I0812 17:36:38.423204   34015 control.go:84] [/emulator/viral ddd4] UpdateResources(): done\nSchema: sources: schema/schema.gql [2088B] \nConnector \"default\": sources: connector/mutations.gql [1301B] connector/queries.gql [1947B] \n"}}
[debug] [2025-08-12T17:36:38.442Z] I0812 17:36:38.441832   34015 collector.go:107] schema extensions wrote into "/workspaces/adk-java/dataconnect/.dataconnect/schema"
Generated sources: prelude.gql [73172B] 
I0812 17:36:38.441872   34015 load.go:115] Finished reloading
 {"metadata":{"emulator":{"name":"dataconnect"},"message":"I0812 17:36:38.441832   34015 collector.go:107] schema extensions wrote into \"/workspaces/adk-java/dataconnect/.dataconnect/schema\"\nGenerated sources: prelude.gql [73172B] \nI0812 17:36:38.441872   34015 load.go:115] Finished reloading\n"}}
[debug] [2025-08-12T17:36:38.995Z] I0812 17:36:38.995454   17611 load.go:37] Reloading schema and connectors...
 {"metadata":{"emulator":{"name":"dataconnect"},"message":"I0812 17:36:38.995454   17611 load.go:37] Reloading schema and connectors...\n"}}
[debug] [2025-08-12T17:36:39.021Z] I0812 17:36:39.021224   17611 control.go:84] [/emulator/viral 07f3] UpdateResources(): done
Schema: sources: schema/schema.gql [2088B] 
Connector "default": sources: connector/queries.gql [1947B] connector/mutations.gql [1301B] 
 {"metadata":{"emulator":{"name":"dataconnect"},"message":"I0812 17:36:39.021224   17611 control.go:84] [/emulator/viral 07f3] UpdateResources(): done\nSchema: sources: schema/schema.gql [2088B] \nConnector \"default\": sources: connector/queries.gql [1947B] connector/mutations.gql [1301B] \n"}}
[debug] [2025-08-12T17:36:39.050Z] I0812 17:36:39.049033   17611 collector.go:107] schema extensions wrote into "/workspaces/adk-java/dataconnect/.dataconnect/schema"
Generated sources: prelude.gql [73172B] 
I0812 17:36:39.049068   17611 load.go:115] Finished reloading
 {"metadata":{"emulator":{"name":"dataconnect"},"message":"I0812 17:36:39.049033   17611 collector.go:107] schema extensions wrote into \"/workspaces/adk-java/dataconnect/.dataconnect/schema\"\nGenerated sources: prelude.gql [73172B] \nI0812 17:36:39.049068   17611 load.go:115] Finished reloading\n"}}
[info] [Firebase Plugin] Stopping Data Connect toolkit
[warn] ⚠  Data Connect Emulator has exited upon receiving signal: SIGINT 
[info] [Firebase Plugin] Stopping Data Connect toolkit
[warn] ⚠  Data Connect Emulator has exited upon receiving signal: SIGINT 
[debug] [2025-08-12T17:57:21.090Z] [Firebase Plugin] Activating Firebase extension.
[info] [Firebase Plugin] Checked firebase-tools, is up to date!
[debug] [2025-08-12T17:57:23.776Z] [Firebase Plugin] requireAuthWrapper
[debug] [2025-08-12T17:57:23.777Z] > command requires scopes: ["email","openid","https://www.googleapis.com/auth/cloudplatformprojects.readonly","https://www.googleapis.com/auth/firebase","https://www.googleapis.com/auth/cloud-platform"]
[debug] [2025-08-12T17:57:23.790Z] [Firebase Plugin] VSCode notification server listening on port 40001
[error] [Firebase Plugin] requireAuth error: Could not load the default credentials. Browse to https://cloud.google.com/docs/authentication/getting-started for more information.
[info] [Firebase Plugin] Starting Data Connect toolkit (version 2.10.1) on port 50001
[debug] [2025-08-12T17:57:24.355Z] I0812 17:57:24.345104   50366 control.go:84] [/emulator/viral c9d3] UpdateResources(): done
Schema: sources: schema/schema.gql [2088B] 
Connector "default": sources: connector/queries.gql [1947B] connector/mutations.gql [1301B] 
 {"metadata":{"emulator":{"name":"dataconnect"},"message":"I0812 17:57:24.345104   50366 control.go:84] [/emulator/viral c9d3] UpdateResources(): done\nSchema: sources: schema/schema.gql [2088B] \nConnector \"default\": sources: connector/queries.gql [1947B] connector/mutations.gql [1301B] \n"}}
[debug] [2025-08-12T17:57:24.356Z] Ignoring unsupported arg: auto_download {"metadata":{"emulator":{"name":"dataconnect"},"message":"Ignoring unsupported arg: auto_download"}}
[debug] [2025-08-12T17:57:24.356Z] Ignoring unsupported arg: port {"metadata":{"emulator":{"name":"dataconnect"},"message":"Ignoring unsupported arg: port"}}
[debug] [2025-08-12T17:57:24.356Z] Starting Data Connect Emulator with command {"binary":"/home/codespace/.cache/firebase/emulators/dataconnect-emulator-2.10.1","args":["--logtostderr","-v=2","dev","--listen=localhost:50001","--config_dir=/workspaces/adk-java/dataconnect","--enable_output_schema_extensions=true","--enable_output_generated_sdk=true"],"optionalArgs":["listen","config_dir","enable_output_schema_extensions","enable_output_generated_sdk"],"joinArgs":true,"shell":false,"port":9399} {"metadata":{"emulator":{"name":"dataconnect"},"message":"Starting Data Connect Emulator with command {\"binary\":\"/home/codespace/.cache/firebase/emulators/dataconnect-emulator-2.10.1\",\"args\":[\"--logtostderr\",\"-v=2\",\"dev\",\"--listen=localhost:50001\",\"--config_dir=/workspaces/adk-java/dataconnect\",\"--enable_output_schema_extensions=true\",\"--enable_output_generated_sdk=true\"],\"optionalArgs\":[\"listen\",\"config_dir\",\"enable_output_schema_extensions\",\"enable_output_generated_sdk\"],\"joinArgs\":true,\"shell\":false,\"port\":9399}"}}
[info] i  dataconnect: Data Connect Emulator logging to dataconnect-debug.log {"metadata":{"emulator":{"name":"dataconnect"},"message":"Data Connect Emulator logging to dataconnect-debug.log"}}
[debug] [2025-08-12T17:57:24.390Z] I0812 17:57:24.382113   50373 load.go:37] Reloading schema and connectors...
 {"metadata":{"emulator":{"name":"dataconnect"},"message":"I0812 17:57:24.382113   50373 load.go:37] Reloading schema and connectors...\n"}}
[debug] [2025-08-12T17:57:24.424Z] I0812 17:57:24.404513   50373 control.go:84] [/emulator/viral a6c3] UpdateResources(): done
Schema: sources: schema/schema.gql [2088B] 
Connector "default": sources: connector/mutations.gql [1301B] connector/queries.gql [1947B] 
 {"metadata":{"emulator":{"name":"dataconnect"},"message":"I0812 17:57:24.404513   50373 control.go:84] [/emulator/viral a6c3] UpdateResources(): done\nSchema: sources: schema/schema.gql [2088B] \nConnector \"default\": sources: connector/mutations.gql [1301B] connector/queries.gql [1947B] \n"}}
[debug] [2025-08-12T17:57:24.432Z] I0812 17:57:24.432369   50373 collector.go:107] schema extensions wrote into "/workspaces/adk-java/dataconnect/.dataconnect/schema"
Generated sources: prelude.gql [73172B] 
I0812 17:57:24.432412   50373 load.go:115] Finished reloading
 {"metadata":{"emulator":{"name":"dataconnect"},"message":"I0812 17:57:24.432369   50373 collector.go:107] schema extensions wrote into \"/workspaces/adk-java/dataconnect/.dataconnect/schema\"\nGenerated sources: prelude.gql [73172B] \nI0812 17:57:24.432412   50373 load.go:115] Finished reloading\n"}}
[debug] [2025-08-12T17:57:24.433Z] I0812 17:57:24.433003   50373 dev.go:95] Listening on address (HTTP + gRPC): 127.0.0.1:50001
 {"metadata":{"emulator":{"name":"dataconnect"},"message":"I0812 17:57:24.433003   50373 dev.go:95] Listening on address (HTTP + gRPC): 127.0.0.1:50001\n"}}
[debug] [2025-08-12T17:57:24.602Z] I0812 17:57:24.602053   50373 engine.go:174] [/emulator/viral a6c3] ExecuteGraphqlRead IntrospectionQuery: succeeded. 
 {"metadata":{"emulator":{"name":"dataconnect"},"message":"I0812 17:57:24.602053   50373 engine.go:174] [/emulator/viral a6c3] ExecuteGraphqlRead IntrospectionQuery: succeeded. \n"}}
[info] [Firebase Plugin] Stopping Data Connect toolkit
[warn] ⚠  Data Connect Emulator has exited upon receiving signal: SIGINT 
[debug] [2025-08-12T17:58:45.944Z] [Firebase Plugin] Activating Firebase extension.
[info] [Firebase Plugin] Checked firebase-tools, is up to date!
[debug] [2025-08-12T17:58:47.852Z] [Firebase Plugin] requireAuthWrapper
[debug] [2025-08-12T17:58:47.853Z] > command requires scopes: ["email","openid","https://www.googleapis.com/auth/cloudplatformprojects.readonly","https://www.googleapis.com/auth/firebase","https://www.googleapis.com/auth/cloud-platform"]
[debug] [2025-08-12T17:58:47.867Z] [Firebase Plugin] VSCode notification server listening on port 40001
[error] [Firebase Plugin] requireAuth error: Could not load the default credentials. Browse to https://cloud.google.com/docs/authentication/getting-started for more information.
[info] [Firebase Plugin] Starting Data Connect toolkit (version 2.10.1) on port 50001
[debug] [2025-08-12T17:58:48.415Z] I0812 17:58:48.404835   52207 control.go:84] [/emulator/viral 1986] UpdateResources(): done
Schema: sources: schema/schema.gql [2088B] 
Connector "default": sources: connector/queries.gql [1947B] connector/mutations.gql [1301B] 
 {"metadata":{"emulator":{"name":"dataconnect"},"message":"I0812 17:58:48.404835   52207 control.go:84] [/emulator/viral 1986] UpdateResources(): done\nSchema: sources: schema/schema.gql [2088B] \nConnector \"default\": sources: connector/queries.gql [1947B] connector/mutations.gql [1301B] \n"}}
[debug] [2025-08-12T17:58:48.416Z] Ignoring unsupported arg: auto_download {"metadata":{"emulator":{"name":"dataconnect"},"message":"Ignoring unsupported arg: auto_download"}}
[debug] [2025-08-12T17:58:48.417Z] Ignoring unsupported arg: port {"metadata":{"emulator":{"name":"dataconnect"},"message":"Ignoring unsupported arg: port"}}
[debug] [2025-08-12T17:58:48.417Z] Starting Data Connect Emulator with command {"binary":"/home/codespace/.cache/firebase/emulators/dataconnect-emulator-2.10.1","args":["--logtostderr","-v=2","dev","--listen=localhost:50001","--config_dir=/workspaces/adk-java/dataconnect","--enable_output_schema_extensions=true","--enable_output_generated_sdk=true"],"optionalArgs":["listen","config_dir","enable_output_schema_extensions","enable_output_generated_sdk"],"joinArgs":true,"shell":false,"port":9399} {"metadata":{"emulator":{"name":"dataconnect"},"message":"Starting Data Connect Emulator with command {\"binary\":\"/home/codespace/.cache/firebase/emulators/dataconnect-emulator-2.10.1\",\"args\":[\"--logtostderr\",\"-v=2\",\"dev\",\"--listen=localhost:50001\",\"--config_dir=/workspaces/adk-java/dataconnect\",\"--enable_output_schema_extensions=true\",\"--enable_output_generated_sdk=true\"],\"optionalArgs\":[\"listen\",\"config_dir\",\"enable_output_schema_extensions\",\"enable_output_generated_sdk\"],\"joinArgs\":true,\"shell\":false,\"port\":9399}"}}
[info] i  dataconnect: Data Connect Emulator logging to dataconnect-debug.log {"metadata":{"emulator":{"name":"dataconnect"},"message":"Data Connect Emulator logging to dataconnect-debug.log"}}
[debug] [2025-08-12T17:58:48.569Z] I0812 17:58:48.443229   52214 load.go:37] Reloading schema and connectors...
I0812 17:58:48.470244   52214 control.go:84] [/emulator/viral 10d1] UpdateResources(): done
Schema: sources: schema/schema.gql [2088B] 
Connector "default": sources: connector/queries.gql [1947B] connector/mutations.gql [1301B] 
I0812 17:58:48.490257   52214 collector.go:107] schema extensions wrote into "/workspaces/adk-java/dataconnect/.dataconnect/schema"
Generated sources: prelude.gql [73172B] 
I0812 17:58:48.490291   52214 load.go:115] Finished reloading
I0812 17:58:48.490817   52214 dev.go:95] Listening on address (HTTP + gRPC): 127.0.0.1:50001
 {"metadata":{"emulator":{"name":"dataconnect"},"message":"I0812 17:58:48.443229   52214 load.go:37] Reloading schema and connectors...\nI0812 17:58:48.470244   52214 control.go:84] [/emulator/viral 10d1] UpdateResources(): done\nSchema: sources: schema/schema.gql [2088B] \nConnector \"default\": sources: connector/queries.gql [1947B] connector/mutations.gql [1301B] \nI0812 17:58:48.490257   52214 collector.go:107] schema extensions wrote into \"/workspaces/adk-java/dataconnect/.dataconnect/schema\"\nGenerated sources: prelude.gql [73172B] \nI0812 17:58:48.490291   52214 load.go:115] Finished reloading\nI0812 17:58:48.490817   52214 dev.go:95] Listening on address (HTTP + gRPC): 127.0.0.1:50001\n"}}
[debug] [2025-08-12T17:58:48.663Z] I0812 17:58:48.662601   52214 engine.go:174] [/emulator/viral 10d1] ExecuteGraphqlRead IntrospectionQuery: succeeded. 
 {"metadata":{"emulator":{"name":"dataconnect"},"message":"I0812 17:58:48.662601   52214 engine.go:174] [/emulator/viral 10d1] ExecuteGraphqlRead IntrospectionQuery: succeeded. \n"}}
[debug] [2025-08-12T21:32:57.841Z] [Firebase Plugin] Activating Firebase extension.
[info] [Firebase Plugin] Checked firebase-tools, is up to date!
[debug] [2025-08-12T21:33:01.616Z] [Firebase Plugin] requireAuthWrapper
[debug] [2025-08-12T21:33:01.617Z] > command requires scopes: ["email","openid","https://www.googleapis.com/auth/cloudplatformprojects.readonly","https://www.googleapis.com/auth/firebase","https://www.googleapis.com/auth/cloud-platform"]
[debug] [2025-08-12T21:33:01.630Z] [Firebase Plugin] VSCode notification server listening on port 40001
[error] [Firebase Plugin] requireAuth error: Could not load the default credentials. Browse to https://cloud.google.com/docs/authentication/getting-started for more information.
[info] [Firebase Plugin] Starting Data Connect toolkit (version 2.10.1) on port 50001
[debug] [2025-08-12T21:33:03.739Z] I0812 21:33:03.729884    2788 control.go:84] [/emulator/viral 7fe5] UpdateResources(): done
Schema: sources: schema/schema.gql [2088B] 
Connector "default": sources: connector/mutations.gql [1301B] connector/queries.gql [1947B] 
 {"metadata":{"emulator":{"name":"dataconnect"},"message":"I0812 21:33:03.729884    2788 control.go:84] [/emulator/viral 7fe5] UpdateResources(): done\nSchema: sources: schema/schema.gql [2088B] \nConnector \"default\": sources: connector/mutations.gql [1301B] connector/queries.gql [1947B] \n"}}
[debug] [2025-08-12T21:33:03.740Z] Ignoring unsupported arg: auto_download {"metadata":{"emulator":{"name":"dataconnect"},"message":"Ignoring unsupported arg: auto_download"}}
[debug] [2025-08-12T21:33:03.740Z] Ignoring unsupported arg: port {"metadata":{"emulator":{"name":"dataconnect"},"message":"Ignoring unsupported arg: port"}}
[debug] [2025-08-12T21:33:03.741Z] Starting Data Connect Emulator with command {"binary":"/home/codespace/.cache/firebase/emulators/dataconnect-emulator-2.10.1","args":["--logtostderr","-v=2","dev","--listen=localhost:50001","--config_dir=/workspaces/adk-java/dataconnect","--enable_output_schema_extensions=true","--enable_output_generated_sdk=true"],"optionalArgs":["listen","config_dir","enable_output_schema_extensions","enable_output_generated_sdk"],"joinArgs":true,"shell":false,"port":9399} {"metadata":{"emulator":{"name":"dataconnect"},"message":"Starting Data Connect Emulator with command {\"binary\":\"/home/codespace/.cache/firebase/emulators/dataconnect-emulator-2.10.1\",\"args\":[\"--logtostderr\",\"-v=2\",\"dev\",\"--listen=localhost:50001\",\"--config_dir=/workspaces/adk-java/dataconnect\",\"--enable_output_schema_extensions=true\",\"--enable_output_generated_sdk=true\"],\"optionalArgs\":[\"listen\",\"config_dir\",\"enable_output_schema_extensions\",\"enable_output_generated_sdk\"],\"joinArgs\":true,\"shell\":false,\"port\":9399}"}}
[info] i  dataconnect: Data Connect Emulator logging to dataconnect-debug.log {"metadata":{"emulator":{"name":"dataconnect"},"message":"Data Connect Emulator logging to dataconnect-debug.log"}}
[debug] [2025-08-12T21:33:03.778Z] I0812 21:33:03.764147    2796 load.go:37] Reloading schema and connectors...
 {"metadata":{"emulator":{"name":"dataconnect"},"message":"I0812 21:33:03.764147    2796 load.go:37] Reloading schema and connectors...\n"}}
[debug] [2025-08-12T21:33:03.798Z] I0812 21:33:03.793621    2796 control.go:84] [/emulator/viral 50c5] UpdateResources(): done
Schema: sources: schema/schema.gql [2088B] 
Connector "default": sources: connector/mutations.gql [1301B] connector/queries.gql [1947B] 
 {"metadata":{"emulator":{"name":"dataconnect"},"message":"I0812 21:33:03.793621    2796 control.go:84] [/emulator/viral 50c5] UpdateResources(): done\nSchema: sources: schema/schema.gql [2088B] \nConnector \"default\": sources: connector/mutations.gql [1301B] connector/queries.gql [1947B] \n"}}
[debug] [2025-08-12T21:33:03.837Z] I0812 21:33:03.824098    2796 collector.go:107] schema extensions wrote into "/workspaces/adk-java/dataconnect/.dataconnect/schema"
Generated sources: prelude.gql [73172B] 
I0812 21:33:03.824368    2796 load.go:115] Finished reloading
I0812 21:33:03.825317    2796 dev.go:95] Listening on address (HTTP + gRPC): 127.0.0.1:50001
 {"metadata":{"emulator":{"name":"dataconnect"},"message":"I0812 21:33:03.824098    2796 collector.go:107] schema extensions wrote into \"/workspaces/adk-java/dataconnect/.dataconnect/schema\"\nGenerated sources: prelude.gql [73172B] \nI0812 21:33:03.824368    2796 load.go:115] Finished reloading\nI0812 21:33:03.825317    2796 dev.go:95] Listening on address (HTTP + gRPC): 127.0.0.1:50001\n"}}
[debug] [2025-08-12T21:33:04.079Z] I0812 21:33:04.079049    2796 engine.go:174] [/emulator/viral 50c5] ExecuteGraphqlRead IntrospectionQuery: succeeded. 
 {"metadata":{"emulator":{"name":"dataconnect"},"message":"I0812 21:33:04.079049    2796 engine.go:174] [/emulator/viral 50c5] ExecuteGraphqlRead IntrospectionQuery: succeeded. \n"}}
[debug] [2025-08-12T21:35:37.098Z] [Firebase Plugin] Activating Firebase extension.
[info] [Firebase Plugin] Checked firebase-tools, is up to date!
[debug] [2025-08-12T21:35:40.073Z] [Firebase Plugin] requireAuthWrapper
[debug] [2025-08-12T21:35:40.074Z] > command requires scopes: ["email","openid","https://www.googleapis.com/auth/cloudplatformprojects.readonly","https://www.googleapis.com/auth/firebase","https://www.googleapis.com/auth/cloud-platform"]
[debug] [2025-08-12T21:35:40.088Z] [Firebase Plugin] VSCode notification server listening on port 40002
[error] [Firebase Plugin] requireAuth error: Could not load the default credentials. Browse to https://cloud.google.com/docs/authentication/getting-started for more information.
[info] [Firebase Plugin] Starting Data Connect toolkit (version 2.10.1) on port 50002
[debug] [2025-08-12T21:35:41.068Z] I0812 21:35:41.058789    6911 control.go:84] [/emulator/viral 282e] UpdateResources(): done
Schema: sources: schema/schema.gql [2088B] 
Connector "default": sources: connector/mutations.gql [1301B] connector/queries.gql [1947B] 
 {"metadata":{"emulator":{"name":"dataconnect"},"message":"I0812 21:35:41.058789    6911 control.go:84] [/emulator/viral 282e] UpdateResources(): done\nSchema: sources: schema/schema.gql [2088B] \nConnector \"default\": sources: connector/mutations.gql [1301B] connector/queries.gql [1947B] \n"}}
[debug] [2025-08-12T21:35:41.070Z] Ignoring unsupported arg: auto_download {"metadata":{"emulator":{"name":"dataconnect"},"message":"Ignoring unsupported arg: auto_download"}}
[debug] [2025-08-12T21:35:41.070Z] Ignoring unsupported arg: port {"metadata":{"emulator":{"name":"dataconnect"},"message":"Ignoring unsupported arg: port"}}
[debug] [2025-08-12T21:35:41.070Z] Starting Data Connect Emulator with command {"binary":"/home/codespace/.cache/firebase/emulators/dataconnect-emulator-2.10.1","args":["--logtostderr","-v=2","dev","--listen=localhost:50002","--config_dir=/workspaces/adk-java/dataconnect","--enable_output_schema_extensions=true","--enable_output_generated_sdk=true"],"optionalArgs":["listen","config_dir","enable_output_schema_extensions","enable_output_generated_sdk"],"joinArgs":true,"shell":false,"port":9399} {"metadata":{"emulator":{"name":"dataconnect"},"message":"Starting Data Connect Emulator with command {\"binary\":\"/home/codespace/.cache/firebase/emulators/dataconnect-emulator-2.10.1\",\"args\":[\"--logtostderr\",\"-v=2\",\"dev\",\"--listen=localhost:50002\",\"--config_dir=/workspaces/adk-java/dataconnect\",\"--enable_output_schema_extensions=true\",\"--enable_output_generated_sdk=true\"],\"optionalArgs\":[\"listen\",\"config_dir\",\"enable_output_schema_extensions\",\"enable_output_generated_sdk\"],\"joinArgs\":true,\"shell\":false,\"port\":9399}"}}
[info] i  dataconnect: Data Connect Emulator logging to dataconnect-debug.log {"metadata":{"emulator":{"name":"dataconnect"},"message":"Data Connect Emulator logging to dataconnect-debug.log"}}
[debug] [2025-08-12T21:35:41.136Z] I0812 21:35:41.098250    6918 load.go:37] Reloading schema and connectors...
I0812 21:35:41.123372    6918 control.go:84] [/emulator/viral b380] UpdateResources(): done
Schema: sources: schema/schema.gql [2088B] 
Connector "default": sources: connector/mutations.gql [1301B] connector/queries.gql [1947B] 
 {"metadata":{"emulator":{"name":"dataconnect"},"message":"I0812 21:35:41.098250    6918 load.go:37] Reloading schema and connectors...\nI0812 21:35:41.123372    6918 control.go:84] [/emulator/viral b380] UpdateResources(): done\nSchema: sources: schema/schema.gql [2088B] \nConnector \"default\": sources: connector/mutations.gql [1301B] connector/queries.gql [1947B] \n"}}
[debug] [2025-08-12T21:35:41.149Z] I0812 21:35:41.141842    6918 collector.go:107] schema extensions wrote into "/workspaces/adk-java/dataconnect/.dataconnect/schema"
Generated sources: prelude.gql [73172B] 
I0812 21:35:41.141874    6918 load.go:115] Finished reloading
I0812 21:35:41.142905    6918 dev.go:95] Listening on address (HTTP + gRPC): 127.0.0.1:50002
 {"metadata":{"emulator":{"name":"dataconnect"},"message":"I0812 21:35:41.141842    6918 collector.go:107] schema extensions wrote into \"/workspaces/adk-java/dataconnect/.dataconnect/schema\"\nGenerated sources: prelude.gql [73172B] \nI0812 21:35:41.141874    6918 load.go:115] Finished reloading\nI0812 21:35:41.142905    6918 dev.go:95] Listening on address (HTTP + gRPC): 127.0.0.1:50002\n"}}
[debug] [2025-08-12T21:35:41.363Z] I0812 21:35:41.362492    6918 engine.go:174] [/emulator/viral b380] ExecuteGraphqlRead IntrospectionQuery: succeeded. 
 {"metadata":{"emulator":{"name":"dataconnect"},"message":"I0812 21:35:41.362492    6918 engine.go:174] [/emulator/viral b380] ExecuteGraphqlRead IntrospectionQuery: succeeded. \n"}}
[debug] [2025-08-23T00:12:34.185Z] [Firebase Plugin] Activating Firebase extension.
[info] [Firebase Plugin] Checked firebase-tools, is up to date!
[debug] [2025-08-23T00:12:36.067Z] [Firebase Plugin] requireAuthWrapper
[debug] [2025-08-23T00:12:36.068Z] > command requires scopes: ["email","openid","https://www.googleapis.com/auth/cloudplatformprojects.readonly","https://www.googleapis.com/auth/firebase","https://www.googleapis.com/auth/cloud-platform"]
[debug] [2025-08-23T00:12:36.068Z] > authorizing via signed-in user (dalkeith74@gmail.com)
[debug] [2025-08-23T00:12:36.072Z] Checked if tokens are valid: false, expires at: 1755899798436
[debug] [2025-08-23T00:12:36.072Z] Checked if tokens are valid: false, expires at: 1755899798436
[debug] [2025-08-23T00:12:36.072Z] > refreshing access token with scopes: []
[debug] [2025-08-23T00:12:36.075Z] >>> [apiv2][query] POST https://www.googleapis.com/oauth2/v3/token [none]
[debug] [2025-08-23T00:12:36.075Z] >>> [apiv2][body] POST https://www.googleapis.com/oauth2/v3/token [omitted]
[debug] [2025-08-23T00:12:36.109Z] [Firebase Plugin] VSCode notification server listening on port 40002
[debug] [2025-08-23T00:12:36.160Z] <<< [apiv2][status] POST https://www.googleapis.com/oauth2/v3/token 200
[debug] [2025-08-23T00:12:36.160Z] <<< [apiv2][body] POST https://www.googleapis.com/oauth2/v3/token [omitted]
[debug] [2025-08-23T00:12:36.170Z] [Firebase Plugin] User found:  dalkeith74@gmail.com
[info] [Firebase Plugin] (Core:Project) New user detected, fetching projects
[debug] [2025-08-23T00:12:36.171Z] Checked if tokens are valid: true, expires at: 1755911555160
[debug] [2025-08-23T00:12:36.171Z] >>> [apiv2][query] GET https://firebase.googleapis.com/v1beta1/projects pageSize=1000
[info] [Firebase Plugin] Starting Data Connect toolkit (version 2.11.2) on port 50003
[debug] [2025-08-23T00:12:36.707Z] I0823 00:12:36.691019  422599 control.go:94] [/emulator/viral 2cf2] UpdateResources(): done
Schema: sources: schema/schema.gql [2088B] 
Connector "default": sources: connector/mutations.gql [1301B] connector/queries.gql [1947B] 
 {"metadata":{"emulator":{"name":"dataconnect"},"message":"I0823 00:12:36.691019  422599 control.go:94] [/emulator/viral 2cf2] UpdateResources(): done\nSchema: sources: schema/schema.gql [2088B] \nConnector \"default\": sources: connector/mutations.gql [1301B] connector/queries.gql [1947B] \n"}}
[debug] [2025-08-23T00:12:36.708Z] Ignoring unsupported arg: auto_download {"metadata":{"emulator":{"name":"dataconnect"},"message":"Ignoring unsupported arg: auto_download"}}
[debug] [2025-08-23T00:12:36.708Z] Ignoring unsupported arg: port {"metadata":{"emulator":{"name":"dataconnect"},"message":"Ignoring unsupported arg: port"}}
[debug] [2025-08-23T00:12:36.708Z] Starting Data Connect Emulator with command {"binary":"/home/codespace/.cache/firebase/emulators/dataconnect-emulator-2.11.2","args":["--logtostderr","-v=2","dev","--listen=localhost:50003","--config_dir=/workspaces/adk-java/dataconnect","--enable_output_schema_extensions=true","--enable_output_generated_sdk=true"],"optionalArgs":["listen","config_dir","enable_output_schema_extensions","enable_output_generated_sdk"],"joinArgs":true,"shell":false,"port":9399} {"metadata":{"emulator":{"name":"dataconnect"},"message":"Starting Data Connect Emulator with command {\"binary\":\"/home/codespace/.cache/firebase/emulators/dataconnect-emulator-2.11.2\",\"args\":[\"--logtostderr\",\"-v=2\",\"dev\",\"--listen=localhost:50003\",\"--config_dir=/workspaces/adk-java/dataconnect\",\"--enable_output_schema_extensions=true\",\"--enable_output_generated_sdk=true\"],\"optionalArgs\":[\"listen\",\"config_dir\",\"enable_output_schema_extensions\",\"enable_output_generated_sdk\"],\"joinArgs\":true,\"shell\":false,\"port\":9399}"}}
[info] i  dataconnect: Data Connect Emulator logging to dataconnect-debug.log {"metadata":{"emulator":{"name":"dataconnect"},"message":"Data Connect Emulator logging to dataconnect-debug.log"}}
[debug] [2025-08-23T00:12:36.743Z] I0823 00:12:36.734956  422609 load.go:31] Reloading schema and connectors...
 {"metadata":{"emulator":{"name":"dataconnect"},"message":"I0823 00:12:36.734956  422609 load.go:31] Reloading schema and connectors...\n"}}
[debug] [2025-08-23T00:12:36.778Z] I0823 00:12:36.758302  422609 control.go:94] [/emulator/viral bbf4] UpdateResources(): done
Schema: sources: schema/schema.gql [2088B] 
Connector "default": sources: connector/mutations.gql [1301B] connector/queries.gql [1947B] 
 {"metadata":{"emulator":{"name":"dataconnect"},"message":"I0823 00:12:36.758302  422609 control.go:94] [/emulator/viral bbf4] UpdateResources(): done\nSchema: sources: schema/schema.gql [2088B] \nConnector \"default\": sources: connector/mutations.gql [1301B] connector/queries.gql [1947B] \n"}}
[debug] [2025-08-23T00:12:36.782Z] I0823 00:12:36.780748  422609 collector.go:107] schema extensions wrote into "/workspaces/adk-java/dataconnect/.dataconnect/schema"
Generated sources: prelude.gql [73251B] 
I0823 00:12:36.780791  422609 load.go:109] Finished reloading
I0823 00:12:36.781492  422609 dev.go:102] Listening on address (HTTP + gRPC): 127.0.0.1:50003
 {"metadata":{"emulator":{"name":"dataconnect"},"message":"I0823 00:12:36.780748  422609 collector.go:107] schema extensions wrote into \"/workspaces/adk-java/dataconnect/.dataconnect/schema\"\nGenerated sources: prelude.gql [73251B] \nI0823 00:12:36.780791  422609 load.go:109] Finished reloading\nI0823 00:12:36.781492  422609 dev.go:102] Listening on address (HTTP + gRPC): 127.0.0.1:50003\n"}}
[debug] [2025-08-23T00:12:36.784Z] <<< [apiv2][status] GET https://firebase.googleapis.com/v1beta1/projects 200
[debug] [2025-08-23T00:12:36.784Z] <<< [apiv2][body] GET https://firebase.googleapis.com/v1beta1/projects [omitted]
[debug] [2025-08-23T00:12:36.950Z] I0823 00:12:36.949908  422609 engine.go:171] [/emulator/viral bbf4] ExecuteGraphqlRead IntrospectionQuery: succeeded. 
 {"metadata":{"emulator":{"name":"dataconnect"},"message":"I0823 00:12:36.949908  422609 engine.go:171] [/emulator/viral bbf4] ExecuteGraphqlRead IntrospectionQuery: succeeded. \n"}}
[debug] [2025-08-23T02:32:38.137Z] [Firebase Plugin] Activating Firebase extension.
[info] [Firebase Plugin] Checked firebase-tools, is up to date!
[debug] [2025-08-23T02:33:04.714Z] [Firebase Plugin] requireAuthWrapper
[debug] [2025-08-23T02:33:04.715Z] > command requires scopes: ["email","openid","https://www.googleapis.com/auth/cloudplatformprojects.readonly","https://www.googleapis.com/auth/firebase","https://www.googleapis.com/auth/cloud-platform"]
[debug] [2025-08-23T02:33:04.716Z] > authorizing via signed-in user (dalkeith74@gmail.com)
[debug] [2025-08-23T02:33:04.721Z] Checked if tokens are valid: false, expires at: 1755911555160
[debug] [2025-08-23T02:33:04.723Z] Checked if tokens are valid: false, expires at: 1755911555160
[debug] [2025-08-23T02:33:04.723Z] > refreshing access token with scopes: []
[debug] [2025-08-23T02:33:04.726Z] >>> [apiv2][query] POST https://www.googleapis.com/oauth2/v3/token [none]
[debug] [2025-08-23T02:33:04.727Z] >>> [apiv2][body] POST https://www.googleapis.com/oauth2/v3/token [omitted]
[debug] [2025-08-23T02:33:04.770Z] [Firebase Plugin] VSCode notification server listening on port 40001
[debug] [2025-08-23T02:33:10.988Z] <<< [apiv2][status] POST https://www.googleapis.com/oauth2/v3/token 200
[debug] [2025-08-23T02:33:10.988Z] <<< [apiv2][body] POST https://www.googleapis.com/oauth2/v3/token [omitted]
[debug] [2025-08-23T02:33:11.071Z] [Firebase Plugin] User found:  dalkeith74@gmail.com
[info] [Firebase Plugin] (Core:Project) New user detected, fetching projects
[debug] [2025-08-23T02:33:11.072Z] Checked if tokens are valid: true, expires at: 1755919989989
[debug] [2025-08-23T02:33:11.072Z] >>> [apiv2][query] GET https://firebase.googleapis.com/v1beta1/projects pageSize=1000
[debug] [2025-08-23T02:33:11.646Z] <<< [apiv2][status] GET https://firebase.googleapis.com/v1beta1/projects 200
[debug] [2025-08-23T02:33:11.647Z] <<< [apiv2][body] GET https://firebase.googleapis.com/v1beta1/projects [omitted]
[info] [Firebase Plugin] Starting Data Connect toolkit (version 2.11.2) on port 50001
[debug] [2025-08-23T02:33:22.668Z] I0823 02:33:22.651002    5727 control.go:94] [/emulator/viral 50f7] UpdateResources(): done
Schema: sources: schema/schema.gql [2088B] 
Connector "default": sources: connector/mutations.gql [1301B] connector/queries.gql [1947B] 
 {"metadata":{"emulator":{"name":"dataconnect"},"message":"I0823 02:33:22.651002    5727 control.go:94] [/emulator/viral 50f7] UpdateResources(): done\nSchema: sources: schema/schema.gql [2088B] \nConnector \"default\": sources: connector/mutations.gql [1301B] connector/queries.gql [1947B] \n"}}
[debug] [2025-08-23T02:33:22.668Z] Ignoring unsupported arg: auto_download {"metadata":{"emulator":{"name":"dataconnect"},"message":"Ignoring unsupported arg: auto_download"}}
[debug] [2025-08-23T02:33:22.669Z] Ignoring unsupported arg: port {"metadata":{"emulator":{"name":"dataconnect"},"message":"Ignoring unsupported arg: port"}}
[debug] [2025-08-23T02:33:22.669Z] Starting Data Connect Emulator with command {"binary":"/home/codespace/.cache/firebase/emulators/dataconnect-emulator-2.11.2","args":["--logtostderr","-v=2","dev","--listen=localhost:50001","--config_dir=/workspaces/adk-java/dataconnect","--enable_output_schema_extensions=true","--enable_output_generated_sdk=true"],"optionalArgs":["listen","config_dir","enable_output_schema_extensions","enable_output_generated_sdk"],"joinArgs":true,"shell":false,"port":9399} {"metadata":{"emulator":{"name":"dataconnect"},"message":"Starting Data Connect Emulator with command {\"binary\":\"/home/codespace/.cache/firebase/emulators/dataconnect-emulator-2.11.2\",\"args\":[\"--logtostderr\",\"-v=2\",\"dev\",\"--listen=localhost:50001\",\"--config_dir=/workspaces/adk-java/dataconnect\",\"--enable_output_schema_extensions=true\",\"--enable_output_generated_sdk=true\"],\"optionalArgs\":[\"listen\",\"config_dir\",\"enable_output_schema_extensions\",\"enable_output_generated_sdk\"],\"joinArgs\":true,\"shell\":false,\"port\":9399}"}}
[info] i  dataconnect: Data Connect Emulator logging to dataconnect-debug.log {"metadata":{"emulator":{"name":"dataconnect"},"message":"Data Connect Emulator logging to dataconnect-debug.log"}}
[debug] [2025-08-23T02:33:22.741Z] I0823 02:33:22.697427    5740 load.go:31] Reloading schema and connectors...
I0823 02:33:22.720934    5740 control.go:94] [/emulator/viral 14f4] UpdateResources(): done
Schema: sources: schema/schema.gql [2088B] 
Connector "default": sources: connector/mutations.gql [1301B] connector/queries.gql [1947B] 
 {"metadata":{"emulator":{"name":"dataconnect"},"message":"I0823 02:33:22.697427    5740 load.go:31] Reloading schema and connectors...\nI0823 02:33:22.720934    5740 control.go:94] [/emulator/viral 14f4] UpdateResources(): done\nSchema: sources: schema/schema.gql [2088B] \nConnector \"default\": sources: connector/mutations.gql [1301B] connector/queries.gql [1947B] \n"}}
[debug] [2025-08-23T02:33:22.788Z] I0823 02:33:22.750376    5740 collector.go:107] schema extensions wrote into "/workspaces/adk-java/dataconnect/.dataconnect/schema"
Generated sources: prelude.gql [73251B] 
I0823 02:33:22.750638    5740 load.go:109] Finished reloading
I0823 02:33:22.752868    5740 dev.go:102] Listening on address (HTTP + gRPC): 127.0.0.1:50001
 {"metadata":{"emulator":{"name":"dataconnect"},"message":"I0823 02:33:22.750376    5740 collector.go:107] schema extensions wrote into \"/workspaces/adk-java/dataconnect/.dataconnect/schema\"\nGenerated sources: prelude.gql [73251B] \nI0823 02:33:22.750638    5740 load.go:109] Finished reloading\nI0823 02:33:22.752868    5740 dev.go:102] Listening on address (HTTP + gRPC): 127.0.0.1:50001\n"}}
[debug] [2025-08-23T02:33:23.102Z] I0823 02:33:23.101798    5740 engine.go:171] [/emulator/viral 14f4] ExecuteGraphqlRead IntrospectionQuery: succeeded. 
 {"metadata":{"emulator":{"name":"dataconnect"},"message":"I0823 02:33:23.101798    5740 engine.go:171] [/emulator/viral 14f4] ExecuteGraphqlRead IntrospectionQuery: succeeded. \n"}}
[debug] [2025-08-23T19:20:41.537Z] [Firebase Plugin] Activating Firebase extension.
[info] [Firebase Plugin] Checked firebase-tools, is up to date!
[debug] [2025-08-23T19:20:48.291Z] [Firebase Plugin] requireAuthWrapper
[debug] [2025-08-23T19:20:48.292Z] > command requires scopes: ["email","openid","https://www.googleapis.com/auth/cloudplatformprojects.readonly","https://www.googleapis.com/auth/firebase","https://www.googleapis.com/auth/cloud-platform"]
[debug] [2025-08-23T19:20:48.292Z] > authorizing via signed-in user (dalkeith74@gmail.com)
[debug] [2025-08-23T19:20:48.296Z] Checked if tokens are valid: false, expires at: 1755919989989
[debug] [2025-08-23T19:20:48.296Z] Checked if tokens are valid: false, expires at: 1755919989989
[debug] [2025-08-23T19:20:48.297Z] > refreshing access token with scopes: []
[debug] [2025-08-23T19:20:48.298Z] >>> [apiv2][query] POST https://www.googleapis.com/oauth2/v3/token [none]
[debug] [2025-08-23T19:20:48.299Z] >>> [apiv2][body] POST https://www.googleapis.com/oauth2/v3/token [omitted]
[debug] [2025-08-23T19:20:48.331Z] [Firebase Plugin] VSCode notification server listening on port 40001
[info] [Firebase Plugin] Stopping Data Connect toolkit
[debug] [2025-08-23T19:20:52.229Z] <<< [apiv2][status] POST https://www.googleapis.com/oauth2/v3/token 200
[debug] [2025-08-23T19:20:52.229Z] <<< [apiv2][body] POST https://www.googleapis.com/oauth2/v3/token [omitted]
[debug] [2025-08-23T19:20:52.256Z] [Firebase Plugin] User found:  dalkeith74@gmail.com
[info] [Firebase Plugin] (Core:Project) New user detected, fetching projects
[debug] [2025-08-23T19:20:52.257Z] Checked if tokens are valid: true, expires at: 1755980451230
[debug] [2025-08-23T19:20:52.258Z] >>> [apiv2][query] GET https://firebase.googleapis.com/v1beta1/projects pageSize=1000
[debug] [2025-08-23T19:20:52.558Z] <<< [apiv2][status] GET https://firebase.googleapis.com/v1beta1/projects 200
[debug] [2025-08-23T19:20:52.558Z] <<< [apiv2][body] GET https://firebase.googleapis.com/v1beta1/projects [omitted]
[debug] [2025-08-23T19:21:34.809Z] [Firebase Plugin] Activating Firebase extension.
[info] [Firebase Plugin] Checked firebase-tools, is up to date!
[debug] [2025-08-23T19:21:42.920Z] [Firebase Plugin] requireAuthWrapper
[debug] [2025-08-23T19:21:42.921Z] > command requires scopes: ["email","openid","https://www.googleapis.com/auth/cloudplatformprojects.readonly","https://www.googleapis.com/auth/firebase","https://www.googleapis.com/auth/cloud-platform"]
[debug] [2025-08-23T19:21:42.921Z] > authorizing via signed-in user (dalkeith74@gmail.com)
[debug] [2025-08-23T19:21:42.924Z] Checked if tokens are valid: true, expires at: 1755980451230
[debug] [2025-08-23T19:21:42.924Z] Checked if tokens are valid: true, expires at: 1755980451230
[debug] [2025-08-23T19:21:42.925Z] [Firebase Plugin] User found:  dalkeith74@gmail.com
[info] [Firebase Plugin] (Core:Project) New user detected, fetching projects
[debug] [2025-08-23T19:21:42.926Z] Checked if tokens are valid: true, expires at: 1755980451230
[debug] [2025-08-23T19:21:42.927Z] >>> [apiv2][query] GET https://firebase.googleapis.com/v1beta1/projects pageSize=1000
[debug] [2025-08-23T19:21:42.956Z] [Firebase Plugin] VSCode notification server listening on port 40001
[debug] [2025-08-23T19:21:43.866Z] <<< [apiv2][status] GET https://firebase.googleapis.com/v1beta1/projects 200
[debug] [2025-08-23T19:21:43.866Z] <<< [apiv2][body] GET https://firebase.googleapis.com/v1beta1/projects [omitted]
[info] [Firebase Plugin] Starting Data Connect toolkit (version 2.11.2) on port 50001
[debug] [2025-08-23T19:21:56.339Z] I0823 19:21:56.325719    6672 control.go:94] [/emulator/viral 1fdf] UpdateResources(): done
Schema: sources: schema/schema.gql [2088B] 
Connector "default": sources: connector/mutations.gql [1301B] connector/queries.gql [1947B] 
 {"metadata":{"emulator":{"name":"dataconnect"},"message":"I0823 19:21:56.325719    6672 control.go:94] [/emulator/viral 1fdf] UpdateResources(): done\nSchema: sources: schema/schema.gql [2088B] \nConnector \"default\": sources: connector/mutations.gql [1301B] connector/queries.gql [1947B] \n"}}
[debug] [2025-08-23T19:21:56.340Z] Ignoring unsupported arg: auto_download {"metadata":{"emulator":{"name":"dataconnect"},"message":"Ignoring unsupported arg: auto_download"}}
[debug] [2025-08-23T19:21:56.340Z] Ignoring unsupported arg: port {"metadata":{"emulator":{"name":"dataconnect"},"message":"Ignoring unsupported arg: port"}}
[debug] [2025-08-23T19:21:56.340Z] Starting Data Connect Emulator with command {"binary":"/home/codespace/.cache/firebase/emulators/dataconnect-emulator-2.11.2","args":["--logtostderr","-v=2","dev","--listen=localhost:50001","--config_dir=/workspaces/adk-java/dataconnect","--enable_output_schema_extensions=true","--enable_output_generated_sdk=true"],"optionalArgs":["listen","config_dir","enable_output_schema_extensions","enable_output_generated_sdk"],"joinArgs":true,"shell":false,"port":9399} {"metadata":{"emulator":{"name":"dataconnect"},"message":"Starting Data Connect Emulator with command {\"binary\":\"/home/codespace/.cache/firebase/emulators/dataconnect-emulator-2.11.2\",\"args\":[\"--logtostderr\",\"-v=2\",\"dev\",\"--listen=localhost:50001\",\"--config_dir=/workspaces/adk-java/dataconnect\",\"--enable_output_schema_extensions=true\",\"--enable_output_generated_sdk=true\"],\"optionalArgs\":[\"listen\",\"config_dir\",\"enable_output_schema_extensions\",\"enable_output_generated_sdk\"],\"joinArgs\":true,\"shell\":false,\"port\":9399}"}}
[info] i  dataconnect: Data Connect Emulator logging to dataconnect-debug.log {"metadata":{"emulator":{"name":"dataconnect"},"message":"Data Connect Emulator logging to dataconnect-debug.log"}}
[debug] [2025-08-23T19:21:56.490Z] I0823 19:21:56.367871    6818 load.go:31] Reloading schema and connectors...
I0823 19:21:56.392101    6818 control.go:94] [/emulator/viral 0c94] UpdateResources(): done
Schema: sources: schema/schema.gql [2088B] 
Connector "default": sources: connector/queries.gql [1947B] connector/mutations.gql [1301B] 
I0823 19:21:56.422979    6818 collector.go:107] schema extensions wrote into "/workspaces/adk-java/dataconnect/.dataconnect/schema"
Generated sources: prelude.gql [73251B] 
I0823 19:21:56.423127    6818 load.go:109] Finished reloading
I0823 19:21:56.423693    6818 dev.go:102] Listening on address (HTTP + gRPC): 127.0.0.1:50001
 {"metadata":{"emulator":{"name":"dataconnect"},"message":"I0823 19:21:56.367871    6818 load.go:31] Reloading schema and connectors...\nI0823 19:21:56.392101    6818 control.go:94] [/emulator/viral 0c94] UpdateResources(): done\nSchema: sources: schema/schema.gql [2088B] \nConnector \"default\": sources: connector/queries.gql [1947B] connector/mutations.gql [1301B] \nI0823 19:21:56.422979    6818 collector.go:107] schema extensions wrote into \"/workspaces/adk-java/dataconnect/.dataconnect/schema\"\nGenerated sources: prelude.gql [73251B] \nI0823 19:21:56.423127    6818 load.go:109] Finished reloading\nI0823 19:21:56.423693    6818 dev.go:102] Listening on address (HTTP + gRPC): 127.0.0.1:50001\n"}}
[debug] [2025-08-23T19:21:56.590Z] I0823 19:21:56.568968    6818 engine.go:171] [/emulator/viral 0c94] ExecuteGraphqlRead IntrospectionQuery: succeeded. 
 {"metadata":{"emulator":{"name":"dataconnect"},"message":"I0823 19:21:56.568968    6818 engine.go:171] [/emulator/viral 0c94] ExecuteGraphqlRead IntrospectionQuery: succeeded. \n"}}
[debug] [2025-08-24T23:19:18.607Z] [Firebase Plugin] Activating Firebase extension.
[info] [Firebase Plugin] Checked firebase-tools, is up to date!
[debug] [2025-08-24T23:19:25.718Z] [Firebase Plugin] requireAuthWrapper
[debug] [2025-08-24T23:19:25.719Z] > command requires scopes: ["email","openid","https://www.googleapis.com/auth/cloudplatformprojects.readonly","https://www.googleapis.com/auth/firebase","https://www.googleapis.com/auth/cloud-platform"]
[debug] [2025-08-24T23:19:25.720Z] > authorizing via signed-in user (dalkeith74@gmail.com)
[debug] [2025-08-24T23:19:25.724Z] Checked if tokens are valid: false, expires at: 1755980451230
[debug] [2025-08-24T23:19:25.725Z] Checked if tokens are valid: false, expires at: 1755980451230
[debug] [2025-08-24T23:19:25.726Z] > refreshing access token with scopes: []
[debug] [2025-08-24T23:19:25.729Z] >>> [apiv2][query] POST https://www.googleapis.com/oauth2/v3/token [none]
[debug] [2025-08-24T23:19:25.730Z] >>> [apiv2][body] POST https://www.googleapis.com/oauth2/v3/token [omitted]
[debug] [2025-08-24T23:19:25.778Z] [Firebase Plugin] VSCode notification server listening on port 40001
[debug] [2025-08-24T23:19:25.953Z] <<< [apiv2][status] POST https://www.googleapis.com/oauth2/v3/token 200
[debug] [2025-08-24T23:19:25.953Z] <<< [apiv2][body] POST https://www.googleapis.com/oauth2/v3/token [omitted]
[debug] [2025-08-24T23:19:25.962Z] [Firebase Plugin] User found:  dalkeith74@gmail.com
[info] [Firebase Plugin] (Core:Project) New user detected, fetching projects
[debug] [2025-08-24T23:19:25.963Z] Checked if tokens are valid: true, expires at: 1756081164954
[debug] [2025-08-24T23:19:25.963Z] >>> [apiv2][query] GET https://firebase.googleapis.com/v1beta1/projects pageSize=1000
[debug] [2025-08-24T23:19:26.570Z] <<< [apiv2][status] GET https://firebase.googleapis.com/v1beta1/projects 200
[debug] [2025-08-24T23:19:26.570Z] <<< [apiv2][body] GET https://firebase.googleapis.com/v1beta1/projects [omitted]
[info] [Firebase Plugin] Starting Data Connect toolkit (version 2.11.2) on port 50001
[debug] [2025-08-24T23:19:30.918Z] I0824 23:19:30.893728    4416 control.go:94] [/emulator/viral ca31] UpdateResources(): done
Schema: sources: schema/schema.gql [2088B] 
Connector "default": sources: connector/queries.gql [1947B] connector/mutations.gql [1301B] 
 {"metadata":{"emulator":{"name":"dataconnect"},"message":"I0824 23:19:30.893728    4416 control.go:94] [/emulator/viral ca31] UpdateResources(): done\nSchema: sources: schema/schema.gql [2088B] \nConnector \"default\": sources: connector/queries.gql [1947B] connector/mutations.gql [1301B] \n"}}
[debug] [2025-08-24T23:19:30.919Z] Ignoring unsupported arg: auto_download {"metadata":{"emulator":{"name":"dataconnect"},"message":"Ignoring unsupported arg: auto_download"}}
[debug] [2025-08-24T23:19:30.919Z] Ignoring unsupported arg: port {"metadata":{"emulator":{"name":"dataconnect"},"message":"Ignoring unsupported arg: port"}}
[debug] [2025-08-24T23:19:30.919Z] Starting Data Connect Emulator with command {"binary":"/home/codespace/.cache/firebase/emulators/dataconnect-emulator-2.11.2","args":["--logtostderr","-v=2","dev","--listen=localhost:50001","--config_dir=/workspaces/adk-java/dataconnect","--enable_output_schema_extensions=true","--enable_output_generated_sdk=true"],"optionalArgs":["listen","config_dir","enable_output_schema_extensions","enable_output_generated_sdk"],"joinArgs":true,"shell":false,"port":9399} {"metadata":{"emulator":{"name":"dataconnect"},"message":"Starting Data Connect Emulator with command {\"binary\":\"/home/codespace/.cache/firebase/emulators/dataconnect-emulator-2.11.2\",\"args\":[\"--logtostderr\",\"-v=2\",\"dev\",\"--listen=localhost:50001\",\"--config_dir=/workspaces/adk-java/dataconnect\",\"--enable_output_schema_extensions=true\",\"--enable_output_generated_sdk=true\"],\"optionalArgs\":[\"listen\",\"config_dir\",\"enable_output_schema_extensions\",\"enable_output_generated_sdk\"],\"joinArgs\":true,\"shell\":false,\"port\":9399}"}}
[info] i  dataconnect: Data Connect Emulator logging to dataconnect-debug.log {"metadata":{"emulator":{"name":"dataconnect"},"message":"Data Connect Emulator logging to dataconnect-debug.log"}}
[debug] [2025-08-24T23:19:31.002Z] I0824 23:19:30.956607    4813 load.go:31] Reloading schema and connectors...
I0824 23:19:30.996163    4813 control.go:94] [/emulator/viral 545a] UpdateResources(): done
Schema: sources: schema/schema.gql [2088B] 
Connector "default": sources: connector/mutations.gql [1301B] connector/queries.gql [1947B] 
 {"metadata":{"emulator":{"name":"dataconnect"},"message":"I0824 23:19:30.956607    4813 load.go:31] Reloading schema and connectors...\nI0824 23:19:30.996163    4813 control.go:94] [/emulator/viral 545a] UpdateResources(): done\nSchema: sources: schema/schema.gql [2088B] \nConnector \"default\": sources: connector/mutations.gql [1301B] connector/queries.gql [1947B] \n"}}
[debug] [2025-08-24T23:19:31.183Z] I0824 23:19:31.031398    4813 collector.go:107] schema extensions wrote into "/workspaces/adk-java/dataconnect/.dataconnect/schema"
Generated sources: prelude.gql [73251B] 
I0824 23:19:31.031629    4813 load.go:109] Finished reloading
I0824 23:19:31.032524    4813 dev.go:102] Listening on address (HTTP + gRPC): 127.0.0.1:50001
 {"metadata":{"emulator":{"name":"dataconnect"},"message":"I0824 23:19:31.031398    4813 collector.go:107] schema extensions wrote into \"/workspaces/adk-java/dataconnect/.dataconnect/schema\"\nGenerated sources: prelude.gql [73251B] \nI0824 23:19:31.031629    4813 load.go:109] Finished reloading\nI0824 23:19:31.032524    4813 dev.go:102] Listening on address (HTTP + gRPC): 127.0.0.1:50001\n"}}
[debug] [2025-08-24T23:19:31.659Z] I0824 23:19:31.357119    4813 engine.go:171] [/emulator/viral 545a] ExecuteGraphqlRead IntrospectionQuery: succeeded. 
 {"metadata":{"emulator":{"name":"dataconnect"},"message":"I0824 23:19:31.357119    4813 engine.go:171] [/emulator/viral 545a] ExecuteGraphqlRead IntrospectionQuery: succeeded. \n"}}
[info] [Firebase Plugin] Stopping Data Connect toolkit
[warn] ⚠  Data Connect Emulator has exited upon receiving signal: SIGINT 
[debug] [2025-08-24T23:21:43.906Z] [Firebase Plugin] Activating Firebase extension.
[info] [Firebase Plugin] Checked firebase-tools, is up to date!
[debug] [2025-08-24T23:21:53.847Z] [Firebase Plugin] requireAuthWrapper
[debug] [2025-08-24T23:21:53.849Z] > command requires scopes: ["email","openid","https://www.googleapis.com/auth/cloudplatformprojects.readonly","https://www.googleapis.com/auth/firebase","https://www.googleapis.com/auth/cloud-platform"]
[debug] [2025-08-24T23:21:53.853Z] > authorizing via signed-in user (dalkeith74@gmail.com)
[debug] [2025-08-24T23:21:53.864Z] Checked if tokens are valid: true, expires at: 1756081164954
[debug] [2025-08-24T23:21:53.869Z] Checked if tokens are valid: true, expires at: 1756081164954
[debug] [2025-08-24T23:21:53.870Z] [Firebase Plugin] User found:  dalkeith74@gmail.com
[info] [Firebase Plugin] (Core:Project) New user detected, fetching projects
[debug] [2025-08-24T23:21:53.875Z] Checked if tokens are valid: true, expires at: 1756081164954
[debug] [2025-08-24T23:21:53.881Z] >>> [apiv2][query] GET https://firebase.googleapis.com/v1beta1/projects pageSize=1000
[debug] [2025-08-24T23:21:53.962Z] [Firebase Plugin] VSCode notification server listening on port 40001
[debug] [2025-08-24T23:21:54.938Z] <<< [apiv2][status] GET https://firebase.googleapis.com/v1beta1/projects 200
[debug] [2025-08-24T23:21:54.939Z] <<< [apiv2][body] GET https://firebase.googleapis.com/v1beta1/projects [omitted]
[info] [Firebase Plugin] Starting Data Connect toolkit (version 2.11.2) on port 50001
[debug] [2025-08-24T23:22:01.695Z] I0824 23:22:01.681982    7643 control.go:94] [/emulator/viral a708] UpdateResources(): done
Schema: sources: schema/schema.gql [2088B] 
Connector "default": sources: connector/queries.gql [1947B] connector/mutations.gql [1301B] 
 {"metadata":{"emulator":{"name":"dataconnect"},"message":"I0824 23:22:01.681982    7643 control.go:94] [/emulator/viral a708] UpdateResources(): done\nSchema: sources: schema/schema.gql [2088B] \nConnector \"default\": sources: connector/queries.gql [1947B] connector/mutations.gql [1301B] \n"}}
[debug] [2025-08-24T23:22:01.696Z] Ignoring unsupported arg: auto_download {"metadata":{"emulator":{"name":"dataconnect"},"message":"Ignoring unsupported arg: auto_download"}}
[debug] [2025-08-24T23:22:01.696Z] Ignoring unsupported arg: port {"metadata":{"emulator":{"name":"dataconnect"},"message":"Ignoring unsupported arg: port"}}
[debug] [2025-08-24T23:22:01.696Z] Starting Data Connect Emulator with command {"binary":"/home/codespace/.cache/firebase/emulators/dataconnect-emulator-2.11.2","args":["--logtostderr","-v=2","dev","--listen=localhost:50001","--config_dir=/workspaces/adk-java/dataconnect","--enable_output_schema_extensions=true","--enable_output_generated_sdk=true"],"optionalArgs":["listen","config_dir","enable_output_schema_extensions","enable_output_generated_sdk"],"joinArgs":true,"shell":false,"port":9399} {"metadata":{"emulator":{"name":"dataconnect"},"message":"Starting Data Connect Emulator with command {\"binary\":\"/home/codespace/.cache/firebase/emulators/dataconnect-emulator-2.11.2\",\"args\":[\"--logtostderr\",\"-v=2\",\"dev\",\"--listen=localhost:50001\",\"--config_dir=/workspaces/adk-java/dataconnect\",\"--enable_output_schema_extensions=true\",\"--enable_output_generated_sdk=true\"],\"optionalArgs\":[\"listen\",\"config_dir\",\"enable_output_schema_extensions\",\"enable_output_generated_sdk\"],\"joinArgs\":true,\"shell\":false,\"port\":9399}"}}
[info] i  dataconnect: Data Connect Emulator logging to dataconnect-debug.log {"metadata":{"emulator":{"name":"dataconnect"},"message":"Data Connect Emulator logging to dataconnect-debug.log"}}
[debug] [2025-08-24T23:22:01.906Z] I0824 23:22:01.735748    7652 load.go:31] Reloading schema and connectors...
I0824 23:22:01.775507    7652 control.go:94] [/emulator/viral 46d9] UpdateResources(): done
Schema: sources: schema/schema.gql [2088B] 
Connector "default": sources: connector/mutations.gql [1301B] connector/queries.gql [1947B] 
I0824 23:22:01.799775    7652 collector.go:107] schema extensions wrote into "/workspaces/adk-java/dataconnect/.dataconnect/schema"
Generated sources: prelude.gql [73251B] 
I0824 23:22:01.799822    7652 load.go:109] Finished reloading
I0824 23:22:01.804689    7652 dev.go:102] Listening on address (HTTP + gRPC): 127.0.0.1:50001
 {"metadata":{"emulator":{"name":"dataconnect"},"message":"I0824 23:22:01.735748    7652 load.go:31] Reloading schema and connectors...\nI0824 23:22:01.775507    7652 control.go:94] [/emulator/viral 46d9] UpdateResources(): done\nSchema: sources: schema/schema.gql [2088B] \nConnector \"default\": sources: connector/mutations.gql [1301B] connector/queries.gql [1947B] \nI0824 23:22:01.799775    7652 collector.go:107] schema extensions wrote into \"/workspaces/adk-java/dataconnect/.dataconnect/schema\"\nGenerated sources: prelude.gql [73251B] \nI0824 23:22:01.799822    7652 load.go:109] Finished reloading\nI0824 23:22:01.804689    7652 dev.go:102] Listening on address (HTTP + gRPC): 127.0.0.1:50001\n"}}
[debug] [2025-08-24T23:22:02.272Z] I0824 23:22:02.270703    7652 engine.go:171] [/emulator/viral 46d9] ExecuteGraphqlRead IntrospectionQuery: succeeded. 
 {"metadata":{"emulator":{"name":"dataconnect"},"message":"I0824 23:22:02.270703    7652 engine.go:171] [/emulator/viral 46d9] ExecuteGraphqlRead IntrospectionQuery: succeeded. \n"}}
[debug] [2025-08-25T03:30:28.313Z] [Firebase Plugin] Value of process.env.MONOSPACE_ENV: undefined
[debug] [2025-08-25T03:30:28.313Z] [Firebase Plugin] requireAuthWrapper
[debug] [2025-08-25T03:30:28.314Z] > command requires scopes: ["email","openid","https://www.googleapis.com/auth/cloudplatformprojects.readonly","https://www.googleapis.com/auth/firebase","https://www.googleapis.com/auth/cloud-platform"]
[debug] [2025-08-25T03:30:28.315Z] > authorizing via signed-in user (dalkeith74@gmail.com)
[debug] [2025-08-25T03:30:28.315Z] Checked if tokens are valid: false, expires at: 1756081164954
[debug] [2025-08-25T03:30:28.315Z] Checked if tokens are valid: false, expires at: 1756081164954
[debug] [2025-08-25T03:30:28.316Z] > refreshing access token with scopes: []
[debug] [2025-08-25T03:30:28.318Z] >>> [apiv2][query] POST https://www.googleapis.com/oauth2/v3/token [none]
[debug] [2025-08-25T03:30:28.318Z] >>> [apiv2][body] POST https://www.googleapis.com/oauth2/v3/token [omitted]
[debug] [2025-08-25T03:30:28.343Z] [Firebase Plugin] Value of process.env.MONOSPACE_ENV: undefined
[debug] [2025-08-25T03:30:28.343Z] [Firebase Plugin] requireAuthWrapper
[debug] [2025-08-25T03:30:28.344Z] > command requires scopes: ["email","openid","https://www.googleapis.com/auth/cloudplatformprojects.readonly","https://www.googleapis.com/auth/firebase","https://www.googleapis.com/auth/cloud-platform"]
[debug] [2025-08-25T03:30:28.344Z] > authorizing via signed-in user (dalkeith74@gmail.com)
[debug] [2025-08-25T03:30:28.345Z] Checked if tokens are valid: false, expires at: 1756081164954
[debug] [2025-08-25T03:30:28.345Z] Checked if tokens are valid: false, expires at: 1756081164954
[debug] [2025-08-25T03:30:28.345Z] > refreshing access token with scopes: []
[debug] [2025-08-25T03:30:28.346Z] >>> [apiv2][query] POST https://www.googleapis.com/oauth2/v3/token [none]
[debug] [2025-08-25T03:30:28.346Z] >>> [apiv2][body] POST https://www.googleapis.com/oauth2/v3/token [omitted]
[debug] [2025-08-25T03:30:28.419Z] <<< [apiv2][status] POST https://www.googleapis.com/oauth2/v3/token 200
[debug] [2025-08-25T03:30:28.420Z] <<< [apiv2][body] POST https://www.googleapis.com/oauth2/v3/token [omitted]
[debug] [2025-08-25T03:30:28.427Z] [Firebase Plugin] User found:  dalkeith74@gmail.com
[info] [Firebase Plugin] (Core:Project) New user detected, fetching projects
[debug] [2025-08-25T03:30:28.428Z] Checked if tokens are valid: true, expires at: 1756096227420
[debug] [2025-08-25T03:30:28.429Z] >>> [apiv2][query] GET https://firebase.googleapis.com/v1beta1/projects pageSize=1000
[debug] [2025-08-25T03:30:28.461Z] <<< [apiv2][status] POST https://www.googleapis.com/oauth2/v3/token 200
[debug] [2025-08-25T03:30:28.461Z] <<< [apiv2][body] POST https://www.googleapis.com/oauth2/v3/token [omitted]
[debug] [2025-08-25T03:30:28.466Z] [Firebase Plugin] User found:  dalkeith74@gmail.com
[info] [Firebase Plugin] (Core:Project) New user detected, fetching projects
[debug] [2025-08-25T03:30:28.467Z] Checked if tokens are valid: true, expires at: 1756096227461
[debug] [2025-08-25T03:30:28.467Z] >>> [apiv2][query] GET https://firebase.googleapis.com/v1beta1/projects pageSize=1000
[debug] [2025-08-25T03:30:28.707Z] <<< [apiv2][status] GET https://firebase.googleapis.com/v1beta1/projects 200
[debug] [2025-08-25T03:30:28.708Z] <<< [apiv2][body] GET https://firebase.googleapis.com/v1beta1/projects [omitted]
[debug] [2025-08-25T03:30:28.712Z] <<< [apiv2][status] GET https://firebase.googleapis.com/v1beta1/projects 200
[debug] [2025-08-25T03:30:28.713Z] <<< [apiv2][body] GET https://firebase.googleapis.com/v1beta1/projects [omitted]
[debug] [2025-08-27T17:34:10.833Z] [Firebase Plugin] Activating Firebase extension.
[info] [Firebase Plugin] Checked firebase-tools, is up to date!
[debug] [2025-08-27T17:34:15.125Z] [Firebase Plugin] requireAuthWrapper
[debug] [2025-08-27T17:34:15.126Z] > command requires scopes: ["email","openid","https://www.googleapis.com/auth/cloudplatformprojects.readonly","https://www.googleapis.com/auth/firebase","https://www.googleapis.com/auth/cloud-platform"]
[debug] [2025-08-27T17:34:15.127Z] > authorizing via signed-in user (dalkeith74@gmail.com)
[debug] [2025-08-27T17:34:15.130Z] Checked if tokens are valid: false, expires at: 1756315778686
[debug] [2025-08-27T17:34:15.131Z] Checked if tokens are valid: false, expires at: 1756315778686
[debug] [2025-08-27T17:34:15.131Z] > refreshing access token with scopes: []
[debug] [2025-08-27T17:34:15.133Z] >>> [apiv2][query] POST https://www.googleapis.com/oauth2/v3/token [none]
[debug] [2025-08-27T17:34:15.133Z] >>> [apiv2][body] POST https://www.googleapis.com/oauth2/v3/token [omitted]
[debug] [2025-08-27T17:34:15.139Z] [Firebase Plugin] VSCode notification server listening on port 40001
[debug] [2025-08-27T17:34:17.445Z] <<< [apiv2][status] POST https://www.googleapis.com/oauth2/v3/token 200
[debug] [2025-08-27T17:34:17.446Z] <<< [apiv2][body] POST https://www.googleapis.com/oauth2/v3/token [omitted]
[debug] [2025-08-27T17:34:17.477Z] [Firebase Plugin] User found:  dalkeith74@gmail.com
[info] [Firebase Plugin] (Core:Project) New user detected, fetching projects
[debug] [2025-08-27T17:34:17.478Z] Checked if tokens are valid: true, expires at: 1756319656446
[debug] [2025-08-27T17:34:17.479Z] >>> [apiv2][query] GET https://firebase.googleapis.com/v1beta1/projects pageSize=1000
[debug] [2025-08-27T17:34:22.104Z] <<< [apiv2][status] GET https://firebase.googleapis.com/v1beta1/projects 200
[debug] [2025-08-27T17:34:22.104Z] <<< [apiv2][body] GET https://firebase.googleapis.com/v1beta1/projects [omitted]
[info] [Firebase Plugin] Starting Data Connect toolkit (version 2.11.2) on port 50001
[debug] [2025-08-27T17:34:31.178Z] I0827 17:34:31.165956  204109 control.go:94] [/emulator/viral fad9] UpdateResources(): done
Schema: sources: schema/schema.gql [2088B] 
Connector "default": sources: connector/mutations.gql [1301B] connector/queries.gql [1947B] 
 {"metadata":{"emulator":{"name":"dataconnect"},"message":"I0827 17:34:31.165956  204109 control.go:94] [/emulator/viral fad9] UpdateResources(): done\nSchema: sources: schema/schema.gql [2088B] \nConnector \"default\": sources: connector/mutations.gql [1301B] connector/queries.gql [1947B] \n"}}
[debug] [2025-08-27T17:34:31.179Z] Ignoring unsupported arg: auto_download {"metadata":{"emulator":{"name":"dataconnect"},"message":"Ignoring unsupported arg: auto_download"}}
[debug] [2025-08-27T17:34:31.179Z] Ignoring unsupported arg: port {"metadata":{"emulator":{"name":"dataconnect"},"message":"Ignoring unsupported arg: port"}}
[debug] [2025-08-27T17:34:31.180Z] Starting Data Connect Emulator with command {"binary":"/home/codespace/.cache/firebase/emulators/dataconnect-emulator-2.11.2","args":["--logtostderr","-v=2","dev","--listen=localhost:50001","--config_dir=/workspaces/adk-java/dataconnect","--enable_output_schema_extensions=true","--enable_output_generated_sdk=true"],"optionalArgs":["listen","config_dir","enable_output_schema_extensions","enable_output_generated_sdk"],"joinArgs":true,"shell":false,"port":9399} {"metadata":{"emulator":{"name":"dataconnect"},"message":"Starting Data Connect Emulator with command {\"binary\":\"/home/codespace/.cache/firebase/emulators/dataconnect-emulator-2.11.2\",\"args\":[\"--logtostderr\",\"-v=2\",\"dev\",\"--listen=localhost:50001\",\"--config_dir=/workspaces/adk-java/dataconnect\",\"--enable_output_schema_extensions=true\",\"--enable_output_generated_sdk=true\"],\"optionalArgs\":[\"listen\",\"config_dir\",\"enable_output_schema_extensions\",\"enable_output_generated_sdk\"],\"joinArgs\":true,\"shell\":false,\"port\":9399}"}}
[info] i  dataconnect: Data Connect Emulator logging to dataconnect-debug.log {"metadata":{"emulator":{"name":"dataconnect"},"message":"Data Connect Emulator logging to dataconnect-debug.log"}}
[debug] [2025-08-27T17:34:31.230Z] I0827 17:34:31.217625  204119 load.go:31] Reloading schema and connectors...
 {"metadata":{"emulator":{"name":"dataconnect"},"message":"I0827 17:34:31.217625  204119 load.go:31] Reloading schema and connectors...\n"}}
[debug] [2025-08-27T17:34:31.267Z] I0827 17:34:31.242530  204119 control.go:94] [/emulator/viral 3c19] UpdateResources(): done
Schema: sources: schema/schema.gql [2088B] 
Connector "default": sources: connector/mutations.gql [1301B] connector/queries.gql [1947B] 
 {"metadata":{"emulator":{"name":"dataconnect"},"message":"I0827 17:34:31.242530  204119 control.go:94] [/emulator/viral 3c19] UpdateResources(): done\nSchema: sources: schema/schema.gql [2088B] \nConnector \"default\": sources: connector/mutations.gql [1301B] connector/queries.gql [1947B] \n"}}
[debug] [2025-08-27T17:34:31.271Z] I0827 17:34:31.270227  204119 collector.go:107] schema extensions wrote into "/workspaces/adk-java/dataconnect/.dataconnect/schema"
Generated sources: prelude.gql [73251B] 
 {"metadata":{"emulator":{"name":"dataconnect"},"message":"I0827 17:34:31.270227  204119 collector.go:107] schema extensions wrote into \"/workspaces/adk-java/dataconnect/.dataconnect/schema\"\nGenerated sources: prelude.gql [73251B] \n"}}
[debug] [2025-08-27T17:34:31.271Z] I0827 17:34:31.271356  204119 load.go:109] Finished reloading
 {"metadata":{"emulator":{"name":"dataconnect"},"message":"I0827 17:34:31.271356  204119 load.go:109] Finished reloading\n"}}
[debug] [2025-08-27T17:34:31.272Z] I0827 17:34:31.271916  204119 dev.go:102] Listening on address (HTTP + gRPC): 127.0.0.1:50001
 {"metadata":{"emulator":{"name":"dataconnect"},"message":"I0827 17:34:31.271916  204119 dev.go:102] Listening on address (HTTP + gRPC): 127.0.0.1:50001\n"}}
[debug] [2025-08-27T17:34:31.500Z] I0827 17:34:31.499560  204119 engine.go:171] [/emulator/viral 3c19] ExecuteGraphqlRead IntrospectionQuery: succeeded. 
 {"metadata":{"emulator":{"name":"dataconnect"},"message":"I0827 17:34:31.499560  204119 engine.go:171] [/emulator/viral 3c19] ExecuteGraphqlRead IntrospectionQuery: succeeded. \n"}}
[debug] [2025-08-27T18:08:37.922Z] [Firebase Plugin] Activating Firebase extension.
[info] [Firebase Plugin] Checked firebase-tools, is up to date!
[debug] [2025-08-27T18:08:43.821Z] [Firebase Plugin] requireAuthWrapper
[debug] [2025-08-27T18:08:43.822Z] > command requires scopes: ["email","openid","https://www.googleapis.com/auth/cloudplatformprojects.readonly","https://www.googleapis.com/auth/firebase","https://www.googleapis.com/auth/cloud-platform"]
[debug] [2025-08-27T18:08:43.823Z] > authorizing via signed-in user (dalkeith74@gmail.com)
[debug] [2025-08-27T18:08:43.827Z] Checked if tokens are valid: true, expires at: 1756319656446
[debug] [2025-08-27T18:08:43.827Z] Checked if tokens are valid: true, expires at: 1756319656446
[debug] [2025-08-27T18:08:43.827Z] [Firebase Plugin] User found:  dalkeith74@gmail.com
[info] [Firebase Plugin] (Core:Project) New user detected, fetching projects
[debug] [2025-08-27T18:08:43.828Z] Checked if tokens are valid: true, expires at: 1756319656446
[debug] [2025-08-27T18:08:43.830Z] >>> [apiv2][query] GET https://firebase.googleapis.com/v1beta1/projects pageSize=1000
[debug] [2025-08-27T18:08:43.838Z] [Firebase Plugin] VSCode notification server listening on port 40002
[debug] [2025-08-27T18:08:44.516Z] <<< [apiv2][status] GET https://firebase.googleapis.com/v1beta1/projects 200
[debug] [2025-08-27T18:08:44.516Z] <<< [apiv2][body] GET https://firebase.googleapis.com/v1beta1/projects [omitted]
[info] [Firebase Plugin] Starting Data Connect toolkit (version 2.11.2) on port 50002
[debug] [2025-08-27T18:08:45.284Z] I0827 18:08:45.272942  251638 control.go:94] [/emulator/viral fd66] UpdateResources(): done
Schema: sources: schema/schema.gql [2088B] 
Connector "default": sources: connector/mutations.gql [1301B] connector/queries.gql [1947B] 
 {"metadata":{"emulator":{"name":"dataconnect"},"message":"I0827 18:08:45.272942  251638 control.go:94] [/emulator/viral fd66] UpdateResources(): done\nSchema: sources: schema/schema.gql [2088B] \nConnector \"default\": sources: connector/mutations.gql [1301B] connector/queries.gql [1947B] \n"}}
[debug] [2025-08-27T18:08:45.284Z] Ignoring unsupported arg: auto_download {"metadata":{"emulator":{"name":"dataconnect"},"message":"Ignoring unsupported arg: auto_download"}}
[debug] [2025-08-27T18:08:45.285Z] Ignoring unsupported arg: port {"metadata":{"emulator":{"name":"dataconnect"},"message":"Ignoring unsupported arg: port"}}
[debug] [2025-08-27T18:08:45.285Z] Starting Data Connect Emulator with command {"binary":"/home/codespace/.cache/firebase/emulators/dataconnect-emulator-2.11.2","args":["--logtostderr","-v=2","dev","--listen=localhost:50002","--config_dir=/workspaces/adk-java/dataconnect","--enable_output_schema_extensions=true","--enable_output_generated_sdk=true"],"optionalArgs":["listen","config_dir","enable_output_schema_extensions","enable_output_generated_sdk"],"joinArgs":true,"shell":false,"port":9399} {"metadata":{"emulator":{"name":"dataconnect"},"message":"Starting Data Connect Emulator with command {\"binary\":\"/home/codespace/.cache/firebase/emulators/dataconnect-emulator-2.11.2\",\"args\":[\"--logtostderr\",\"-v=2\",\"dev\",\"--listen=localhost:50002\",\"--config_dir=/workspaces/adk-java/dataconnect\",\"--enable_output_schema_extensions=true\",\"--enable_output_generated_sdk=true\"],\"optionalArgs\":[\"listen\",\"config_dir\",\"enable_output_schema_extensions\",\"enable_output_generated_sdk\"],\"joinArgs\":true,\"shell\":false,\"port\":9399}"}}
[info] i  dataconnect: Data Connect Emulator logging to dataconnect-debug.log {"metadata":{"emulator":{"name":"dataconnect"},"message":"Data Connect Emulator logging to dataconnect-debug.log"}}
[debug] [2025-08-27T18:08:45.315Z] I0827 18:08:45.314431  251654 load.go:31] Reloading schema and connectors...
 {"metadata":{"emulator":{"name":"dataconnect"},"message":"I0827 18:08:45.314431  251654 load.go:31] Reloading schema and connectors...\n"}}
[debug] [2025-08-27T18:08:45.367Z] I0827 18:08:45.345213  251654 control.go:94] [/emulator/viral 1364] UpdateResources(): done
Schema: sources: schema/schema.gql [2088B] 
Connector "default": sources: connector/queries.gql [1947B] connector/mutations.gql [1301B] 
 {"metadata":{"emulator":{"name":"dataconnect"},"message":"I0827 18:08:45.345213  251654 control.go:94] [/emulator/viral 1364] UpdateResources(): done\nSchema: sources: schema/schema.gql [2088B] \nConnector \"default\": sources: connector/queries.gql [1947B] connector/mutations.gql [1301B] \n"}}
[debug] [2025-08-27T18:08:45.368Z] I0827 18:08:45.368588  251654 collector.go:107] schema extensions wrote into "/workspaces/adk-java/dataconnect/.dataconnect/schema"
Generated sources: prelude.gql [73251B] 
 {"metadata":{"emulator":{"name":"dataconnect"},"message":"I0827 18:08:45.368588  251654 collector.go:107] schema extensions wrote into \"/workspaces/adk-java/dataconnect/.dataconnect/schema\"\nGenerated sources: prelude.gql [73251B] \n"}}
[debug] [2025-08-27T18:08:45.369Z] I0827 18:08:45.368932  251654 load.go:109] Finished reloading
 {"metadata":{"emulator":{"name":"dataconnect"},"message":"I0827 18:08:45.368932  251654 load.go:109] Finished reloading\n"}}
[debug] [2025-08-27T18:08:45.370Z] I0827 18:08:45.369933  251654 dev.go:102] Listening on address (HTTP + gRPC): 127.0.0.1:50002
 {"metadata":{"emulator":{"name":"dataconnect"},"message":"I0827 18:08:45.369933  251654 dev.go:102] Listening on address (HTTP + gRPC): 127.0.0.1:50002\n"}}
[debug] [2025-08-27T18:08:45.541Z] I0827 18:08:45.540383  251654 engine.go:171] [/emulator/viral 1364] ExecuteGraphqlRead IntrospectionQuery: succeeded. 
 {"metadata":{"emulator":{"name":"dataconnect"},"message":"I0827 18:08:45.540383  251654 engine.go:171] [/emulator/viral 1364] ExecuteGraphqlRead IntrospectionQuery: succeeded. \n"}}
[debug] [2025-08-27T18:41:53.180Z] [Firebase Plugin] Received emulators started notification. Running detection.
[debug] [2025-08-27T18:41:53.206Z] >>> [apiv2][query] GET http://127.0.0.1:4400/emulators [none]
[debug] [2025-08-27T18:41:53.250Z] <<< [apiv2][status] GET http://127.0.0.1:4400/emulators 200
[debug] [2025-08-27T18:41:53.250Z] <<< [apiv2][body] GET http://127.0.0.1:4400/emulators {"hub":{"listen":[{"address":"127.0.0.1","family":"IPv4","port":4400},{"address":"::1","family":"IPv6","port":4400}],"name":"hub","host":"127.0.0.1","port":4400},"ui":{"listen":[{"address":"127.0.0.1","family":"IPv4","port":4002},{"address":"::1","family":"IPv6","port":4002}],"name":"ui","host":"127.0.0.1","port":4002},"logging":{"listen":[{"address":"127.0.0.1","family":"IPv4","port":4500}],"name":"logging","host":"127.0.0.1","port":4500},"functions":{"name":"functions","host":"127.0.0.1","port":5002},"eventarc":{"name":"eventarc","host":"127.0.0.1","port":9299},"tasks":{"name":"tasks","host":"127.0.0.1","port":9499}}
[debug] [2025-08-27T18:45:10.726Z] [Firebase Plugin] Received emulators shutdown notification.
[debug] [2025-08-27T18:52:34.521Z] [Firebase Plugin] Received emulators started notification. Running detection.
[debug] [2025-08-27T18:52:34.522Z] >>> [apiv2][query] GET http://127.0.0.1:4400/emulators [none]
[debug] [2025-08-27T18:52:34.539Z] <<< [apiv2][status] GET http://127.0.0.1:4400/emulators 200
[debug] [2025-08-27T18:52:34.539Z] <<< [apiv2][body] GET http://127.0.0.1:4400/emulators {"hub":{"listen":[{"address":"127.0.0.1","family":"IPv4","port":4400},{"address":"::1","family":"IPv6","port":4400}],"name":"hub","host":"127.0.0.1","port":4400},"ui":{"listen":[{"address":"127.0.0.1","family":"IPv4","port":4002},{"address":"::1","family":"IPv6","port":4002}],"name":"ui","host":"127.0.0.1","port":4002},"logging":{"listen":[{"address":"127.0.0.1","family":"IPv4","port":4500}],"name":"logging","host":"127.0.0.1","port":4500},"functions":{"name":"functions","host":"127.0.0.1","port":5002},"eventarc":{"name":"eventarc","host":"127.0.0.1","port":9299},"tasks":{"name":"tasks","host":"127.0.0.1","port":9499}}
[debug] [2025-08-27T18:54:18.282Z] [Firebase Plugin] Received emulators shutdown notification.
[info] [Firebase Plugin] Stopping Data Connect toolkit
[warn] ⚠  Data Connect Emulator has exited upon receiving signal: SIGINT 
[debug] [2025-08-27T19:43:24.789Z] [Firebase Plugin] Activating Firebase extension.
[info] [Firebase Plugin] Checked firebase-tools, is up to date!
[debug] [2025-08-27T19:43:31.985Z] [Firebase Plugin] requireAuthWrapper
[debug] [2025-08-27T19:43:31.986Z] > command requires scopes: ["email","openid","https://www.googleapis.com/auth/cloudplatformprojects.readonly","https://www.googleapis.com/auth/firebase","https://www.googleapis.com/auth/cloud-platform"]
[debug] [2025-08-27T19:43:31.987Z] > authorizing via signed-in user (dalkeith74@gmail.com)
[debug] [2025-08-27T19:43:31.990Z] Checked if tokens are valid: false, expires at: 1756323706742
[debug] [2025-08-27T19:43:31.991Z] Checked if tokens are valid: false, expires at: 1756323706742
[debug] [2025-08-27T19:43:31.991Z] > refreshing access token with scopes: []
[debug] [2025-08-27T19:43:31.993Z] >>> [apiv2][query] POST https://www.googleapis.com/oauth2/v3/token [none]
[debug] [2025-08-27T19:43:31.993Z] >>> [apiv2][body] POST https://www.googleapis.com/oauth2/v3/token [omitted]
[debug] [2025-08-27T19:43:31.999Z] [Firebase Plugin] VSCode notification server listening on port 40002
[debug] [2025-08-27T19:43:32.246Z] <<< [apiv2][status] POST https://www.googleapis.com/oauth2/v3/token 200
[debug] [2025-08-27T19:43:32.246Z] <<< [apiv2][body] POST https://www.googleapis.com/oauth2/v3/token [omitted]
[debug] [2025-08-27T19:43:32.256Z] [Firebase Plugin] User found:  dalkeith74@gmail.com
[info] [Firebase Plugin] (Core:Project) New user detected, fetching projects
[debug] [2025-08-27T19:43:32.257Z] Checked if tokens are valid: true, expires at: 1756327411246
[debug] [2025-08-27T19:43:32.258Z] >>> [apiv2][query] GET https://firebase.googleapis.com/v1beta1/projects pageSize=1000
[info] [Firebase Plugin] Starting Data Connect toolkit (version 2.11.2) on port 50002
[debug] [2025-08-27T19:43:33.004Z] I0827 19:43:32.989191  321003 control.go:94] [/emulator/viral 5ba4] UpdateResources(): done
Schema: sources: schema/schema.gql [2088B] 
Connector "default": sources: connector/mutations.gql [1301B] connector/queries.gql [1947B] 
 {"metadata":{"emulator":{"name":"dataconnect"},"message":"I0827 19:43:32.989191  321003 control.go:94] [/emulator/viral 5ba4] UpdateResources(): done\nSchema: sources: schema/schema.gql [2088B] \nConnector \"default\": sources: connector/mutations.gql [1301B] connector/queries.gql [1947B] \n"}}
[debug] [2025-08-27T19:43:33.005Z] Ignoring unsupported arg: auto_download {"metadata":{"emulator":{"name":"dataconnect"},"message":"Ignoring unsupported arg: auto_download"}}
[debug] [2025-08-27T19:43:33.005Z] Ignoring unsupported arg: port {"metadata":{"emulator":{"name":"dataconnect"},"message":"Ignoring unsupported arg: port"}}
[debug] [2025-08-27T19:43:33.005Z] Starting Data Connect Emulator with command {"binary":"/home/codespace/.cache/firebase/emulators/dataconnect-emulator-2.11.2","args":["--logtostderr","-v=2","dev","--listen=localhost:50002","--config_dir=/workspaces/adk-java/dataconnect","--enable_output_schema_extensions=true","--enable_output_generated_sdk=true"],"optionalArgs":["listen","config_dir","enable_output_schema_extensions","enable_output_generated_sdk"],"joinArgs":true,"shell":false,"port":9399} {"metadata":{"emulator":{"name":"dataconnect"},"message":"Starting Data Connect Emulator with command {\"binary\":\"/home/codespace/.cache/firebase/emulators/dataconnect-emulator-2.11.2\",\"args\":[\"--logtostderr\",\"-v=2\",\"dev\",\"--listen=localhost:50002\",\"--config_dir=/workspaces/adk-java/dataconnect\",\"--enable_output_schema_extensions=true\",\"--enable_output_generated_sdk=true\"],\"optionalArgs\":[\"listen\",\"config_dir\",\"enable_output_schema_extensions\",\"enable_output_generated_sdk\"],\"joinArgs\":true,\"shell\":false,\"port\":9399}"}}
[info] i  dataconnect: Data Connect Emulator logging to dataconnect-debug.log {"metadata":{"emulator":{"name":"dataconnect"},"message":"Data Connect Emulator logging to dataconnect-debug.log"}}
[debug] [2025-08-27T19:43:33.088Z] I0827 19:43:33.041552  321012 load.go:31] Reloading schema and connectors...
I0827 19:43:33.074852  321012 control.go:94] [/emulator/viral 33cf] UpdateResources(): done
Schema: sources: schema/schema.gql [2088B] 
Connector "default": sources: connector/mutations.gql [1301B] connector/queries.gql [1947B] 
 {"metadata":{"emulator":{"name":"dataconnect"},"message":"I0827 19:43:33.041552  321012 load.go:31] Reloading schema and connectors...\nI0827 19:43:33.074852  321012 control.go:94] [/emulator/viral 33cf] UpdateResources(): done\nSchema: sources: schema/schema.gql [2088B] \nConnector \"default\": sources: connector/mutations.gql [1301B] connector/queries.gql [1947B] \n"}}
[debug] [2025-08-27T19:43:33.116Z] I0827 19:43:33.106109  321012 collector.go:107] schema extensions wrote into "/workspaces/adk-java/dataconnect/.dataconnect/schema"
Generated sources: prelude.gql [73251B] 
I0827 19:43:33.106397  321012 load.go:109] Finished reloading
I0827 19:43:33.107785  321012 dev.go:102] Listening on address (HTTP + gRPC): 127.0.0.1:50002
 {"metadata":{"emulator":{"name":"dataconnect"},"message":"I0827 19:43:33.106109  321012 collector.go:107] schema extensions wrote into \"/workspaces/adk-java/dataconnect/.dataconnect/schema\"\nGenerated sources: prelude.gql [73251B] \nI0827 19:43:33.106397  321012 load.go:109] Finished reloading\nI0827 19:43:33.107785  321012 dev.go:102] Listening on address (HTTP + gRPC): 127.0.0.1:50002\n"}}
[debug] [2025-08-27T19:43:33.321Z] I0827 19:43:33.320607  321012 engine.go:171] [/emulator/viral 33cf] ExecuteGraphqlRead IntrospectionQuery: succeeded. 
 {"metadata":{"emulator":{"name":"dataconnect"},"message":"I0827 19:43:33.320607  321012 engine.go:171] [/emulator/viral 33cf] ExecuteGraphqlRead IntrospectionQuery: succeeded. \n"}}
[debug] [2025-08-27T19:43:33.388Z] <<< [apiv2][status] GET https://firebase.googleapis.com/v1beta1/projects 200
[debug] [2025-08-27T19:43:33.388Z] <<< [apiv2][body] GET https://firebase.googleapis.com/v1beta1/projects [omitted]
